user_id,item_id,ts,event
U0245,I043,2025.8.31 10:00,view
U0055,I032,2025.9.3 12:00,like
U0055,I008,2025.9.4 11:00,view
U0198,I084,2025.9.9 15:00,view
U0198,I090,2025.9.10 0:00,like
U0018,I042,2025.9.10 3:00,like
U0046,I019,2025.9.10 22:00,view
U0198,I057,2025.9.11 13:00,view
U0088,I033,2025.9.11 14:00,buy
U0198,I049,2025.9.11 16:00,buy
U0246,I083,2025.9.13 0:00,view
U0246,I042,2025.9.13 14:00,buy
U0245,I071,2025.9.15 19:00,like
U0198,I061,2025.9.15 23:00,buy
U0088,I005,2025.9.16 22:00,like
U0119,I064,2025.9.17 5:00,view
U0165,I064,2025.9.17 20:00,like
U0300,I066,2025.9.18 23:00,view
U0018,I032,2025.9.19 13:00,view
U0262,I026,2025.9.21 17:00,view
U0088,I049,2025.9.22 5:00,view
U0119,I042,2025.9.22 5:00,view
U0300,I042,2025.9.22 13:00,view
U0262,I001,2025.9.23 8:00,view
U0046,I010,2025.9.24 1:00,view
U0055,I022,2025.9.24 5:00,view
U0031,I010,2025.9.25 0:00,view
U0246,I063,2025.9.25 11:00,view
U0240,I007,2025.9.26 13:00,view
U0132,I049,2025.9.26 18:00,like
U0300,I074,2025.9.26 21:00,like
U0245,I041,2025.9.26 22:00,buy
U0262,I081,2025.9.27 5:00,view
U0052,I017,2025.9.27 17:00,like
U0132,I087,2025.9.28 10:00,view
U0197,I007,2025.9.29 3:00,view
U0127,I042,2025.9.30 6:00,view
U0256,I021,2025.9.30 12:00,buy
U0246,I080,2025.9.30 15:00,view
U0020,I015,2025.9.30 19:00,like
U0300,I067,2025.10.1 0:00,view
U0300,I081,2025.10.1 16:00,view
U0052,I008,2025.10.1 17:00,view
U0204,I096,2025.10.1 22:00,view
U0197,I066,2025.10.2 17:00,view
U0165,I043,2025.10.2 18:00,view
U0300,I079,2025.10.3 1:00,buy
U0020,I036,2025.10.3 5:00,view
U0079,I054,2025.10.3 8:00,view
U0240,I061,2025.10.3 18:00,buy
U0204,I012,2025.10.4 2:00,buy
U0132,I079,2025.10.4 9:00,buy
U0031,I020,2025.10.5 2:00,like
U0262,I003,2025.10.5 7:00,view
U0300,I096,2025.10.5 7:00,like
U0088,I035,2025.10.5 9:00,view
U0031,I097,2025.10.5 12:00,view
U0079,I003,2025.10.5 17:00,view
U0198,I097,2025.10.5 21:00,buy
U0201,I081,2025.10.5 21:00,like
U0020,I053,2025.10.6 6:00,view
U0020,I068,2025.10.6 9:00,view
U0201,I088,2025.10.6 17:00,view
U0230,I059,2025.10.7 7:00,like
U0300,I007,2025.10.7 10:00,view
U0020,I023,2025.10.7 13:00,buy
U0123,I089,2025.10.8 7:00,view
U0165,I084,2025.10.8 7:00,view
U0245,I060,2025.10.8 15:00,view
U0204,I042,2025.10.8 18:00,buy
U0267,I086,2025.10.8 22:00,view
U0055,I036,2025.10.9 7:00,like
U0126,I097,2025.10.9 13:00,buy
U0165,I097,2025.10.9 14:00,like
U0240,I006,2025.10.10 2:00,view
U0230,I043,2025.10.10 6:00,buy
U0245,I059,2025.10.10 17:00,buy
U0230,I055,2025.10.10 18:00,view
U0188,I073,2025.10.10 19:00,view
U0292,I035,2025.10.10 20:00,view
U0204,I009,2025.10.10 21:00,view
U0119,I033,2025.10.10 22:00,like
U0018,I092,2025.10.11 19:00,like
U0126,I064,2025.10.11 23:00,view
U0132,I065,2025.10.12 4:00,buy
U0121,I012,2025.10.12 7:00,like
U0201,I032,2025.10.12 7:00,like
U0020,I070,2025.10.12 8:00,view
U0233,I070,2025.10.12 17:00,view
U0085,I068,2025.10.13 2:00,like
U0162,I088,2025.10.13 4:00,view
U0267,I091,2025.10.13 12:00,buy
U0292,I094,2025.10.13 16:00,view
U0211,I012,2025.10.13 23:00,buy
U0188,I070,2025.10.14 0:00,view
U0031,I029,2025.10.14 1:00,view
U0188,I031,2025.10.14 9:00,like
U0162,I096,2025.10.14 9:00,view
U0162,I066,2025.10.14 18:00,buy
U0197,I067,2025.10.15 8:00,view
U0126,I099,2025.10.15 17:00,like
U0267,I079,2025.10.15 20:00,buy
U0240,I063,2025.10.16 3:00,buy
U0029,I007,2025.10.16 6:00,view
U0267,I082,2025.10.16 7:00,view
U0132,I015,2025.10.16 16:00,view
U0211,I005,2025.10.16 18:00,view
U0162,I084,2025.10.16 21:00,buy
U0046,I018,2025.10.17 0:00,like
U0290,I073,2025.10.17 17:00,like
U0198,I067,2025.10.17 20:00,like
U0204,I092,2025.10.18 2:00,like
U0065,I067,2025.10.18 3:00,like
U0085,I038,2025.10.18 7:00,like
U0198,I023,2025.10.18 10:00,like
U0123,I097,2025.10.18 12:00,view
U0188,I033,2025.10.18 14:00,view
U0162,I082,2025.10.18 18:00,like
U0079,I008,2025.10.18 18:00,view
U0162,I032,2025.10.19 4:00,view
U0018,I017,2025.10.19 5:00,buy
U0256,I091,2025.10.19 11:00,view
U0229,I004,2025.10.19 11:00,buy
U0150,I099,2025.10.19 14:00,buy
U0105,I096,2025.10.19 21:00,buy
U0188,I064,2025.10.20 2:00,view
U0165,I081,2025.10.20 3:00,buy
U0105,I093,2025.10.20 7:00,view
U0132,I081,2025.10.20 15:00,like
U0290,I056,2025.10.20 16:00,view
U0126,I078,2025.10.20 18:00,like
U0105,I091,2025.10.21 2:00,buy
U0126,I090,2025.10.21 3:00,view
U0119,I054,2025.10.21 4:00,view
U0300,I004,2025.10.21 9:00,view
U0200,I032,2025.10.21 9:00,buy
U0258,I068,2025.10.21 16:00,buy
U0229,I013,2025.10.21 17:00,view
U0162,I097,2025.10.21 20:00,like
U0246,I088,2025.10.21 21:00,view
U0042,I088,2025.10.22 3:00,like
U0126,I085,2025.10.22 10:00,view
U0211,I020,2025.10.22 21:00,buy
U0121,I040,2025.10.22 22:00,view
U0020,I067,2025.10.23 0:00,view
U0121,I076,2025.10.23 1:00,like
U0042,I059,2025.10.23 3:00,buy
U0200,I053,2025.10.23 4:00,view
U0076,I047,2025.10.23 17:00,like
U0085,I002,2025.10.23 18:00,view
U0025,I009,2025.10.23 18:00,view
U0132,I055,2025.10.24 2:00,view
U0085,I015,2025.10.24 7:00,like
U0042,I038,2025.10.24 20:00,like
U0123,I068,2025.10.25 3:00,buy
U0006,I001,2025.10.25 5:00,buy
U0031,I024,2025.10.25 5:00,view
U0132,I090,2025.10.25 6:00,like
U0197,I098,2025.10.25 7:00,view
U0025,I043,2025.10.25 13:00,like
U0085,I006,2025.10.25 13:00,view
U0204,I086,2025.10.25 14:00,buy
U0201,I094,2025.10.25 15:00,buy
U0031,I002,2025.10.25 20:00,view
U0246,I072,2025.10.25 21:00,view
U0105,I063,2025.10.26 4:00,view
U0028,I096,2025.10.26 9:00,like
U0020,I033,2025.10.26 11:00,view
U0240,I084,2025.10.26 13:00,view
U0201,I042,2025.10.26 20:00,like
U0262,I038,2025.10.27 4:00,view
U0290,I074,2025.10.27 9:00,buy
U0065,I042,2025.10.27 20:00,view
U0119,I077,2025.10.28 2:00,view
U0085,I025,2025.10.28 2:00,like
U0230,I044,2025.10.28 3:00,view
U0171,I021,2025.10.28 5:00,view
U0042,I093,2025.10.28 10:00,view
U0200,I069,2025.10.28 13:00,like
U0251,I074,2025.10.28 14:00,view
U0127,I024,2025.10.28 23:00,like
U0052,I094,2025.10.29 2:00,like
U0046,I006,2025.10.29 17:00,view
U0088,I017,2025.10.29 20:00,view
U0188,I097,2025.10.29 21:00,view
U0251,I051,2025.10.30 1:00,buy
U0207,I081,2025.10.30 1:00,view
U0188,I099,2025.10.30 4:00,view
U0179,I060,2025.10.30 7:00,buy
U0031,I068,2025.10.30 12:00,like
U0163,I095,2025.10.30 19:00,buy
U0065,I045,2025.10.30 20:00,view
U0029,I019,2025.10.30 23:00,view
U0165,I055,2025.10.31 0:00,view
U0300,I093,2025.10.31 0:00,like
U0258,I089,2025.10.31 6:00,buy
U0063,I087,2025.10.31 6:00,buy
U0025,I008,2025.10.31 20:00,view
U0200,I064,2025.10.31 22:00,view
U0025,I018,2025.11.1 8:00,view
U0092,I057,2025.11.1 12:00,view
U0251,I080,2025.11.1 13:00,buy
U0046,I099,2025.11.1 14:00,buy
U0034,I038,2025.11.1 18:00,buy
U0092,I071,2025.11.1 20:00,view
U0267,I090,2025.11.1 20:00,view
U0031,I073,2025.11.1 20:00,buy
U0245,I052,2025.11.1 20:00,buy
U0233,I036,2025.11.1 22:00,buy
U0167,I010,2025.11.1 23:00,view
U0029,I008,2025.11.1 23:00,view
U0179,I059,2025.11.2 1:00,buy
U0126,I081,2025.11.2 2:00,view
U0163,I029,2025.11.2 2:00,view
U0063,I091,2025.11.2 3:00,like
U0031,I040,2025.11.2 16:00,view
U0076,I026,2025.11.2 16:00,view
U0154,I002,2025.11.2 21:00,like
U0006,I096,2025.11.2 22:00,view
U0211,I050,2025.11.2 23:00,buy
U0212,I007,2025.11.3 0:00,like
U0028,I017,2025.11.3 3:00,view
U0126,I089,2025.11.3 6:00,view
U0246,I049,2025.11.3 7:00,buy
U0165,I082,2025.11.3 8:00,view
U0020,I077,2025.11.3 9:00,buy
U0121,I096,2025.11.3 10:00,view
U0127,I082,2025.11.3 10:00,like
U0132,I092,2025.11.3 11:00,view
U0263,I042,2025.11.3 12:00,view
U0165,I085,2025.11.3 14:00,buy
U0031,I082,2025.11.3 17:00,view
U0123,I073,2025.11.3 20:00,like
U0065,I076,2025.11.3 20:00,like
U0079,I099,2025.11.4 3:00,view
U0046,I043,2025.11.4 9:00,view
U0251,I042,2025.11.4 14:00,view
U0200,I080,2025.11.4 15:00,view
U0252,I097,2025.11.4 20:00,buy
U0121,I008,2025.11.5 0:00,buy
U0063,I061,2025.11.5 2:00,view
U0006,I045,2025.11.5 5:00,view
U0230,I058,2025.11.5 7:00,like
U0201,I049,2025.11.5 9:00,view
U0167,I007,2025.11.5 18:00,view
U0290,I034,2025.11.5 19:00,view
U0240,I083,2025.11.5 23:00,view
U0230,I016,2025.11.6 2:00,buy
U0246,I087,2025.11.6 5:00,view
U0085,I014,2025.11.6 10:00,view
U0167,I043,2025.11.6 11:00,view
U0105,I033,2025.11.6 13:00,view
U0230,I070,2025.11.6 16:00,view
U0127,I033,2025.11.6 18:00,view
U0212,I072,2025.11.6 20:00,like
U0179,I077,2025.11.6 23:00,like
U0127,I007,2025.11.7 21:00,view
U0076,I018,2025.11.8 2:00,view
U0079,I023,2025.11.8 2:00,like
U0042,I049,2025.11.8 9:00,view
U0162,I068,2025.11.8 14:00,buy
U0063,I070,2025.11.8 14:00,buy
U0229,I009,2025.11.8 16:00,view
U0085,I067,2025.11.8 17:00,view
U0252,I081,2025.11.8 18:00,like
U0240,I080,2025.11.8 19:00,view
U0123,I032,2025.11.8 20:00,buy
U0006,I097,2025.11.8 22:00,view
U0290,I037,2025.11.8 23:00,view
U0063,I100,2025.11.9 3:00,buy
U0204,I038,2025.11.9 7:00,view
U0201,I053,2025.11.9 8:00,view
U0207,I068,2025.11.9 10:00,like
U0171,I061,2025.11.9 11:00,like
U0126,I063,2025.11.9 15:00,like
U0121,I006,2025.11.9 19:00,like
U0188,I035,2025.11.9 20:00,like
U0207,I067,2025.11.10 1:00,view
U0105,I062,2025.11.10 4:00,like
U0300,I080,2025.11.10 6:00,buy
U0105,I006,2025.11.10 14:00,view
U0157,I008,2025.11.10 15:00,view
U0233,I076,2025.11.10 19:00,view
U0211,I062,2025.11.10 20:00,view
U0157,I099,2025.11.10 20:00,buy
U0063,I057,2025.11.10 23:00,view
U0029,I055,2025.11.11 2:00,view
U0200,I065,2025.11.11 3:00,view
U0167,I031,2025.11.11 4:00,buy
U0127,I020,2025.11.11 8:00,view
U0065,I086,2025.11.11 10:00,view
U0063,I090,2025.11.11 17:00,view
U0065,I049,2025.11.11 20:00,buy
U0252,I082,2025.11.11 21:00,view
U0290,I071,2025.11.11 23:00,view
U0093,I080,2025.11.12 3:00,like
U0012,I079,2025.11.12 7:00,buy
U0076,I033,2025.11.12 8:00,like
U0065,I046,2025.11.12 12:00,buy
U0267,I053,2025.11.12 13:00,like
U0020,I058,2025.11.12 23:00,view
U0123,I042,2025.11.13 0:00,view
U0211,I024,2025.11.13 3:00,buy
U0150,I091,2025.11.13 3:00,view
U0088,I012,2025.11.13 6:00,view
U0076,I030,2025.11.13 7:00,view
U0230,I040,2025.11.13 9:00,view
U0085,I033,2025.11.13 10:00,like
U0196,I067,2025.11.13 10:00,view
U0270,I079,2025.11.13 11:00,like
U0292,I011,2025.11.13 12:00,like
U0198,I035,2025.11.13 13:00,buy
U0020,I062,2025.11.13 14:00,like
U0157,I040,2025.11.13 18:00,buy
U0163,I014,2025.11.13 22:00,view
U0256,I008,2025.11.14 0:00,view
U0204,I050,2025.11.14 0:00,buy
U0055,I005,2025.11.14 8:00,view
U0123,I090,2025.11.14 10:00,buy
U0079,I035,2025.11.14 12:00,view
U0085,I029,2025.11.14 14:00,view
U0252,I088,2025.11.14 16:00,view
U0179,I046,2025.11.14 21:00,view
U0263,I074,2025.11.14 22:00,like
U0153,I066,2025.11.14 23:00,like
U0251,I056,2025.11.14 23:00,view
U0076,I007,2025.11.15 0:00,like
U0012,I083,2025.11.15 3:00,buy
U0065,I064,2025.11.15 4:00,view
U0023,I039,2025.11.15 9:00,like
U0052,I022,2025.11.15 11:00,view
U0075,I061,2025.11.15 19:00,view
U0233,I049,2025.11.16 1:00,view
U0267,I073,2025.11.16 4:00,like
U0270,I001,2025.11.16 4:00,buy
U0023,I018,2025.11.16 11:00,view
U0196,I021,2025.11.16 11:00,like
U0198,I083,2025.11.16 13:00,buy
U0119,I073,2025.11.16 13:00,buy
U0251,I060,2025.11.16 18:00,view
U0129,I042,2025.11.16 21:00,like
U0167,I045,2025.11.16 21:00,view
U0055,I001,2025.11.16 22:00,like
U0092,I042,2025.11.17 0:00,view
U0154,I008,2025.11.17 1:00,view
U0252,I040,2025.11.17 2:00,view
U0133,I071,2025.11.17 6:00,like
U0123,I085,2025.11.17 7:00,buy
U0135,I024,2025.11.17 7:00,buy
U0230,I053,2025.11.17 9:00,view
U0163,I016,2025.11.17 11:00,view
U0207,I064,2025.11.17 14:00,buy
U0167,I064,2025.11.17 16:00,view
U0258,I064,2025.11.17 17:00,view
U0252,I042,2025.11.17 20:00,buy
U0287,I055,2025.11.18 3:00,view
U0006,I041,2025.11.18 13:00,buy
U0020,I064,2025.11.18 15:00,like
U0154,I023,2025.11.18 16:00,view
U0085,I094,2025.11.18 16:00,like
U0132,I096,2025.11.18 19:00,view
U0171,I089,2025.11.18 20:00,buy
U0212,I071,2025.11.19 6:00,view
U0165,I093,2025.11.19 17:00,view
U0290,I094,2025.11.19 19:00,view
U0175,I041,2025.11.19 19:00,buy
U0151,I028,2025.11.20 1:00,like
U0245,I098,2025.11.20 2:00,like
U0230,I033,2025.11.20 6:00,like
U0151,I017,2025.11.20 6:00,view
U0175,I018,2025.11.20 6:00,view
U0065,I036,2025.11.20 8:00,like
U0246,I006,2025.11.20 8:00,buy
U0171,I082,2025.11.20 9:00,buy
U0163,I022,2025.11.20 13:00,view
U0029,I046,2025.11.20 14:00,like
U0230,I063,2025.11.20 16:00,like
U0229,I010,2025.11.20 18:00,view
U0031,I030,2025.11.20 18:00,like
U0246,I052,2025.11.20 20:00,view
U0198,I086,2025.11.20 21:00,like
U0162,I023,2025.11.20 21:00,view
U0268,I004,2025.11.20 23:00,buy
U0251,I093,2025.11.21 0:00,like
U0240,I099,2025.11.21 1:00,view
U0129,I035,2025.11.21 1:00,view
U0119,I068,2025.11.21 2:00,view
U0063,I064,2025.11.21 5:00,view
U0132,I059,2025.11.21 9:00,buy
U0036,I007,2025.11.21 11:00,buy
U0088,I024,2025.11.21 19:00,buy
U0006,I057,2025.11.21 20:00,like
U0055,I040,2025.11.21 22:00,view
U0179,I042,2025.11.21 22:00,like
U0034,I015,2025.11.22 2:00,view
U0165,I067,2025.11.22 5:00,view
U0024,I066,2025.11.22 6:00,like
U0162,I061,2025.11.22 8:00,view
U0079,I096,2025.11.22 11:00,view
U0075,I069,2025.11.22 11:00,like
U0023,I038,2025.11.22 15:00,view
U0126,I032,2025.11.23 1:00,view
U0088,I013,2025.11.23 6:00,view
U0135,I082,2025.11.23 11:00,like
U0105,I080,2025.11.23 12:00,view
U0246,I007,2025.11.23 13:00,view
U0200,I011,2025.11.23 15:00,view
U0031,I066,2025.11.23 20:00,view
U0133,I011,2025.11.23 21:00,like
U0052,I004,2025.11.23 21:00,view
U0076,I028,2025.11.23 23:00,like
U0042,I037,2025.11.24 1:00,view
U0065,I043,2025.11.24 2:00,view
U0029,I042,2025.11.24 3:00,view
U0162,I025,2025.11.24 5:00,buy
U0230,I057,2025.11.24 7:00,view
U0133,I041,2025.11.24 7:00,view
U0036,I075,2025.11.24 9:00,view
U0006,I035,2025.11.24 10:00,view
U0084,I068,2025.11.24 11:00,buy
U0290,I072,2025.11.24 11:00,view
U0084,I075,2025.11.24 12:00,buy
U0252,I094,2025.11.24 12:00,view
U0052,I067,2025.11.24 13:00,view
U0046,I008,2025.11.24 16:00,like
U0012,I068,2025.11.24 17:00,view
U0006,I032,2025.11.24 19:00,view
U0179,I098,2025.11.24 22:00,view
U0132,I019,2025.11.25 1:00,buy
U0065,I068,2025.11.25 1:00,buy
U0029,I020,2025.11.25 2:00,view
U0046,I003,2025.11.25 2:00,like
U0171,I036,2025.11.25 2:00,view
U0063,I085,2025.11.25 4:00,view
U0167,I072,2025.11.25 7:00,view
U0023,I094,2025.11.25 8:00,like
U0029,I073,2025.11.25 10:00,like
U0290,I062,2025.11.25 13:00,view
U0268,I076,2025.11.25 13:00,buy
U0076,I016,2025.11.25 15:00,view
U0084,I096,2025.11.25 16:00,view
U0167,I078,2025.11.25 19:00,view
U0045,I042,2025.11.25 20:00,view
U0119,I045,2025.11.26 3:00,view
U0256,I099,2025.11.26 5:00,like
U0063,I095,2025.11.26 7:00,view
U0171,I008,2025.11.26 11:00,view
U0123,I049,2025.11.26 16:00,buy
U0075,I039,2025.11.26 18:00,buy
U0270,I081,2025.11.26 18:00,view
U0036,I097,2025.11.26 19:00,view
U0165,I027,2025.11.26 22:00,view
U0151,I032,2025.11.26 23:00,view
U0123,I009,2025.11.27 1:00,like
U0028,I018,2025.11.27 1:00,like
U0135,I053,2025.11.27 3:00,view
U0162,I043,2025.11.27 3:00,view
U0045,I098,2025.11.27 3:00,buy
U0212,I046,2025.11.27 5:00,view
U0211,I008,2025.11.27 5:00,buy
U0085,I031,2025.11.27 7:00,view
U0300,I043,2025.11.27 9:00,view
U0280,I023,2025.11.27 10:00,buy
U0020,I076,2025.11.27 10:00,view
U0028,I008,2025.11.27 10:00,view
U0188,I060,2025.11.27 15:00,view
U0200,I051,2025.11.27 15:00,view
U0150,I059,2025.11.27 16:00,view
U0079,I040,2025.11.27 17:00,view
U0123,I082,2025.11.27 18:00,view
U0211,I004,2025.11.27 21:00,like
U0157,I020,2025.11.28 0:00,view
U0045,I043,2025.11.28 4:00,view
U0204,I076,2025.11.28 5:00,like
U0151,I087,2025.11.28 9:00,buy
U0135,I029,2025.11.28 11:00,like
U0135,I091,2025.11.28 17:00,buy
U0246,I093,2025.11.28 19:00,like
U0126,I093,2025.11.28 19:00,like
U0280,I043,2025.11.28 20:00,view
U0212,I098,2025.11.28 21:00,view
U0187,I005,2025.11.28 21:00,view
U0092,I016,2025.11.29 0:00,view
U0045,I091,2025.11.29 1:00,view
U0251,I030,2025.11.29 1:00,view
U0024,I072,2025.11.29 1:00,like
U0019,I018,2025.11.29 5:00,view
U0280,I029,2025.11.29 11:00,buy
U0165,I042,2025.11.29 13:00,view
U0012,I070,2025.11.29 17:00,view
U0063,I043,2025.11.29 20:00,like
U0263,I098,2025.11.30 1:00,like
U0132,I099,2025.11.30 2:00,view
U0001,I047,2025.11.30 4:00,view
U0179,I070,2025.11.30 8:00,view
U0129,I064,2025.11.30 10:00,view
U0036,I006,2025.11.30 10:00,like
U0019,I082,2025.11.30 11:00,buy
U0230,I042,2025.11.30 14:00,like
U0246,I099,2025.11.30 15:00,view
U0270,I036,2025.11.30 18:00,view
U0028,I009,2025.11.30 21:00,view
U0084,I086,2025.12.1 1:00,like
U0122,I065,2025.12.1 5:00,like
U0034,I031,2025.12.1 7:00,buy
U0228,I015,2025.12.1 8:00,view
U0219,I083,2025.12.1 11:00,view
U0228,I049,2025.12.1 22:00,view
U0042,I076,2025.12.1 22:00,view
U0093,I042,2025.12.1 23:00,like
U0020,I042,2025.12.1 23:00,buy
U0012,I097,2025.12.2 1:00,like
U0212,I069,2025.12.2 2:00,view
U0245,I086,2025.12.2 4:00,like
U0270,I039,2025.12.2 6:00,buy
U0280,I003,2025.12.2 8:00,like
U0036,I087,2025.12.2 11:00,like
U0055,I018,2025.12.2 14:00,like
U0256,I003,2025.12.2 15:00,view
U0076,I006,2025.12.2 16:00,view
U0133,I046,2025.12.2 17:00,view
U0075,I097,2025.12.2 17:00,view
U0157,I018,2025.12.2 19:00,view
U0198,I100,2025.12.2 19:00,like
U0012,I042,2025.12.2 21:00,like
U0213,I086,2025.12.2 22:00,buy
U0122,I053,2025.12.2 22:00,like
U0228,I096,2025.12.2 22:00,like
U0029,I052,2025.12.3 1:00,view
U0267,I075,2025.12.3 4:00,view
U0020,I007,2025.12.3 7:00,view
U0023,I048,2025.12.3 8:00,like
U0123,I098,2025.12.3 9:00,view
U0235,I082,2025.12.3 13:00,view
U0188,I067,2025.12.3 17:00,like
U0188,I040,2025.12.3 18:00,view
U0233,I055,2025.12.3 21:00,buy
U0006,I088,2025.12.4 0:00,view
U0240,I035,2025.12.4 0:00,view
U0141,I099,2025.12.4 10:00,view
U0141,I093,2025.12.4 15:00,view
U0263,I058,2025.12.4 17:00,view
U0240,I088,2025.12.4 19:00,view
U0079,I004,2025.12.4 19:00,view
U0024,I041,2025.12.4 21:00,view
U0268,I011,2025.12.5 9:00,like
U0188,I019,2025.12.5 10:00,view
U0151,I019,2025.12.5 13:00,view
U0211,I002,2025.12.5 13:00,buy
U0240,I043,2025.12.5 14:00,like
U0045,I040,2025.12.5 16:00,view
U0201,I086,2025.12.5 17:00,view
U0123,I043,2025.12.5 19:00,view
U0270,I098,2025.12.5 20:00,view
U0105,I005,2025.12.5 23:00,buy
U0018,I067,2025.12.5 23:00,buy
U0034,I080,2025.12.6 0:00,like
U0075,I068,2025.12.6 1:00,like
U0280,I039,2025.12.6 2:00,view
U0267,I066,2025.12.6 4:00,like
U0268,I043,2025.12.6 6:00,view
U0036,I062,2025.12.6 9:00,like
U0038,I076,2025.12.6 10:00,view
U0029,I064,2025.12.6 14:00,view
U0280,I016,2025.12.6 16:00,view
U0141,I084,2025.12.6 16:00,view
U0200,I094,2025.12.6 17:00,view
U0052,I074,2025.12.6 17:00,like
U0135,I049,2025.12.6 19:00,buy
U0036,I086,2025.12.6 21:00,view
U0171,I099,2025.12.6 22:00,buy
U0033,I032,2025.12.7 3:00,view
U0162,I042,2025.12.7 3:00,buy
U0034,I029,2025.12.7 5:00,view
U0052,I029,2025.12.7 7:00,like
U0229,I025,2025.12.7 15:00,view
U0052,I002,2025.12.7 18:00,view
U0024,I038,2025.12.7 18:00,view
U0157,I083,2025.12.7 19:00,view
U0063,I081,2025.12.7 19:00,like
U0023,I044,2025.12.7 21:00,view
U0219,I062,2025.12.7 21:00,like
U0229,I071,2025.12.7 22:00,view
U0084,I099,2025.12.8 2:00,like
U0126,I073,2025.12.8 3:00,like
U0233,I053,2025.12.8 9:00,like
U0033,I061,2025.12.8 11:00,like
U0241,I013,2025.12.8 12:00,like
U0151,I077,2025.12.8 14:00,like
U0129,I085,2025.12.8 15:00,like
U0229,I024,2025.12.8 18:00,buy
U0188,I078,2025.12.8 19:00,like
U0129,I007,2025.12.8 22:00,view
U0249,I084,2025.12.8 22:00,like
U0123,I079,2025.12.9 0:00,view
U0267,I081,2025.12.9 1:00,like
U0085,I042,2025.12.9 1:00,view
U0095,I061,2025.12.9 3:00,view
U0268,I062,2025.12.9 5:00,view
U0200,I056,2025.12.9 6:00,like
U0280,I012,2025.12.9 7:00,view
U0179,I057,2025.12.9 12:00,buy
U0121,I001,2025.12.9 19:00,buy
U0085,I009,2025.12.9 19:00,view
U0204,I094,2025.12.9 21:00,view
U0188,I062,2025.12.10 1:00,like
U0212,I042,2025.12.10 4:00,view
U0025,I003,2025.12.10 5:00,view
U0268,I006,2025.12.10 5:00,view
U0033,I089,2025.12.10 7:00,view
U0167,I098,2025.12.10 7:00,like
U0025,I015,2025.12.10 8:00,like
U0233,I009,2025.12.10 14:00,view
U0085,I022,2025.12.10 14:00,like
U0024,I091,2025.12.10 14:00,view
U0163,I028,2025.12.10 15:00,view
U0167,I060,2025.12.10 16:00,like
U0019,I041,2025.12.10 17:00,view
U0175,I023,2025.12.10 20:00,view
U0075,I089,2025.12.10 23:00,like
U0252,I049,2025.12.11 0:00,like
U0132,I095,2025.12.11 1:00,view
U0095,I068,2025.12.11 2:00,buy
U0207,I053,2025.12.11 2:00,like
U0063,I041,2025.12.11 3:00,view
U0006,I089,2025.12.11 9:00,view
U0122,I080,2025.12.11 9:00,buy
U0001,I036,2025.12.11 10:00,like
U0029,I078,2025.12.11 13:00,view
U0258,I067,2025.12.11 14:00,view
U0046,I023,2025.12.11 17:00,like
U0045,I099,2025.12.12 0:00,view
U0001,I007,2025.12.12 3:00,like
U0016,I028,2025.12.12 3:00,buy
U0008,I032,2025.12.12 3:00,buy
U0270,I054,2025.12.12 5:00,like
U0121,I005,2025.12.12 6:00,view
U0019,I021,2025.12.12 7:00,buy
U0033,I038,2025.12.12 10:00,like
U0057,I092,2025.12.12 19:00,view
U0207,I084,2025.12.12 21:00,view
U0150,I043,2025.12.12 22:00,view
U0300,I086,2025.12.13 0:00,buy
U0016,I074,2025.12.13 2:00,buy
U0141,I019,2025.12.13 3:00,view
U0060,I066,2025.12.13 5:00,buy
U0273,I013,2025.12.13 6:00,like
U0287,I002,2025.12.13 7:00,like
U0230,I062,2025.12.13 8:00,view
U0060,I095,2025.12.13 11:00,like
U0300,I091,2025.12.13 12:00,view
U0179,I040,2025.12.13 12:00,buy
U0175,I079,2025.12.13 14:00,view
U0063,I001,2025.12.13 16:00,like
U0042,I015,2025.12.13 16:00,buy
U0088,I042,2025.12.13 16:00,buy
U0132,I093,2025.12.13 21:00,view
U0079,I007,2025.12.13 23:00,buy
U0196,I014,2025.12.14 0:00,like
U0060,I091,2025.12.14 3:00,buy
U0095,I063,2025.12.14 6:00,like
U0122,I047,2025.12.14 8:00,buy
U0085,I039,2025.12.14 9:00,view
U0292,I042,2025.12.14 9:00,view
U0135,I004,2025.12.14 9:00,buy
U0229,I097,2025.12.14 13:00,view
U0150,I092,2025.12.14 13:00,view
U0060,I011,2025.12.14 13:00,like
U0241,I001,2025.12.14 22:00,view
U0267,I098,2025.12.14 23:00,like
U0020,I049,2025.12.15 0:00,view
U0177,I082,2025.12.15 0:00,like
U0119,I035,2025.12.15 5:00,buy
U0198,I085,2025.12.15 7:00,view
U0251,I049,2025.12.15 12:00,view
U0001,I019,2025.12.15 14:00,buy
U0167,I046,2025.12.15 16:00,like
U0132,I088,2025.12.15 16:00,buy
U0119,I062,2025.12.15 19:00,buy
U0016,I007,2025.12.15 22:00,view
U0045,I079,2025.12.16 0:00,buy
U0046,I047,2025.12.16 0:00,like
U0093,I075,2025.12.16 0:00,like
U0045,I080,2025.12.16 4:00,buy
U0234,I067,2025.12.16 4:00,like
U0165,I057,2025.12.16 6:00,view
U0019,I002,2025.12.16 6:00,view
U0034,I077,2025.12.16 7:00,like
U0150,I022,2025.12.16 8:00,view
U0251,I050,2025.12.16 11:00,buy
U0267,I043,2025.12.16 11:00,view
U0171,I040,2025.12.16 12:00,view
U0150,I068,2025.12.16 15:00,buy
U0241,I069,2025.12.16 15:00,buy
U0163,I007,2025.12.16 16:00,like
U0270,I095,2025.12.16 16:00,view
U0151,I043,2025.12.16 17:00,view
U0280,I004,2025.12.16 20:00,buy
U0042,I099,2025.12.16 20:00,view
U0270,I053,2025.12.16 22:00,like
U0200,I044,2025.12.16 23:00,view
U0031,I011,2025.12.17 2:00,view
U0246,I094,2025.12.17 3:00,like
U0093,I081,2025.12.17 4:00,view
U0228,I091,2025.12.17 4:00,view
U0171,I068,2025.12.17 5:00,view
U0230,I032,2025.12.17 5:00,view
U0273,I034,2025.12.17 6:00,buy
U0095,I041,2025.12.17 6:00,like
U0024,I100,2025.12.17 7:00,view
U0019,I035,2025.12.17 7:00,view
U0280,I067,2025.12.17 14:00,view
U0089,I007,2025.12.17 14:00,view
U0151,I027,2025.12.17 15:00,like
U0263,I052,2025.12.17 16:00,buy
U0163,I047,2025.12.17 20:00,like
U0127,I013,2025.12.17 21:00,view
U0235,I030,2025.12.18 1:00,like
U0075,I067,2025.12.18 4:00,view
U0006,I070,2025.12.18 7:00,view
U0233,I033,2025.12.18 8:00,view
U0252,I014,2025.12.18 17:00,buy
U0256,I038,2025.12.18 17:00,view
U0214,I020,2025.12.18 18:00,like
U0252,I091,2025.12.18 23:00,view
U0036,I082,2025.12.19 2:00,like
U0153,I004,2025.12.19 3:00,view
U0252,I041,2025.12.19 7:00,view
U0262,I018,2025.12.19 9:00,view
U0175,I014,2025.12.19 9:00,view
U0167,I063,2025.12.19 10:00,buy
U0001,I017,2025.12.19 11:00,like
U0234,I098,2025.12.19 11:00,buy
U0241,I061,2025.12.19 11:00,view
U0197,I040,2025.12.19 12:00,like
U0105,I040,2025.12.19 12:00,view
U0179,I049,2025.12.19 13:00,view
U0211,I021,2025.12.19 13:00,like
U0123,I087,2025.12.19 15:00,view
U0280,I092,2025.12.19 17:00,view
U0001,I006,2025.12.19 18:00,like
U0063,I080,2025.12.19 18:00,view
U0063,I097,2025.12.19 19:00,view
U0034,I041,2025.12.19 20:00,view
U0141,I082,2025.12.19 22:00,buy
U0137,I035,2025.12.20 3:00,view
U0206,I043,2025.12.20 3:00,view
U0046,I012,2025.12.20 5:00,like
U0163,I013,2025.12.20 5:00,buy
U0206,I012,2025.12.20 6:00,like
U0165,I046,2025.12.20 8:00,view
U0157,I017,2025.12.20 10:00,view
U0038,I037,2025.12.20 10:00,view
U0016,I087,2025.12.20 13:00,like
U0206,I073,2025.12.20 13:00,view
U0137,I067,2025.12.20 17:00,view
U0188,I096,2025.12.20 18:00,like
U0024,I097,2025.12.20 20:00,buy
U0031,I070,2025.12.20 20:00,view
U0246,I043,2025.12.21 0:00,view
U0038,I036,2025.12.21 0:00,buy
U0206,I076,2025.12.21 0:00,like
U0162,I036,2025.12.21 1:00,view
U0179,I061,2025.12.21 3:00,view
U0230,I071,2025.12.21 8:00,view
U0229,I017,2025.12.21 9:00,like
U0165,I035,2025.12.21 10:00,like
U0122,I078,2025.12.21 12:00,view
U0055,I023,2025.12.21 15:00,like
U0024,I075,2025.12.21 15:00,view
U0249,I043,2025.12.21 16:00,like
U0075,I085,2025.12.21 17:00,buy
U0075,I046,2025.12.21 18:00,view
U0129,I083,2025.12.21 19:00,like
U0042,I096,2025.12.21 19:00,buy
U0025,I038,2025.12.21 20:00,view
U0228,I089,2025.12.21 21:00,like
U0256,I070,2025.12.21 21:00,view
U0046,I001,2025.12.21 21:00,view
U0089,I046,2025.12.21 22:00,buy
U0162,I063,2025.12.22 1:00,view
U0154,I068,2025.12.22 2:00,buy
U0258,I043,2025.12.22 4:00,view
U0235,I038,2025.12.22 5:00,view
U0238,I071,2025.12.22 7:00,view
U0095,I082,2025.12.22 11:00,view
U0233,I050,2025.12.22 11:00,view
U0290,I053,2025.12.22 13:00,like
U0262,I005,2025.12.22 14:00,buy
U0135,I072,2025.12.22 14:00,buy
U0251,I072,2025.12.22 15:00,view
U0167,I052,2025.12.22 15:00,like
U0187,I030,2025.12.22 18:00,view
U0084,I067,2025.12.22 19:00,like
U0270,I072,2025.12.22 19:00,view
U0079,I061,2025.12.22 20:00,view
U0256,I028,2025.12.22 21:00,view
U0188,I076,2025.12.22 23:00,like
U0177,I092,2025.12.22 23:00,view
U0201,I080,2025.12.23 5:00,buy
U0211,I042,2025.12.23 7:00,view
U0132,I100,2025.12.23 10:00,buy
U0042,I081,2025.12.23 12:00,view
U0121,I003,2025.12.23 12:00,like
U0019,I030,2025.12.23 13:00,like
U0074,I068,2025.12.23 15:00,view
U0229,I005,2025.12.23 15:00,view
U0251,I061,2025.12.23 16:00,view
U0177,I088,2025.12.23 19:00,buy
U0200,I048,2025.12.23 21:00,view
U0012,I064,2025.12.24 0:00,view
U0234,I093,2025.12.24 1:00,like
U0084,I059,2025.12.24 1:00,buy
U0055,I002,2025.12.24 3:00,view
U0154,I005,2025.12.24 4:00,buy
U0060,I022,2025.12.24 7:00,view
U0235,I013,2025.12.24 8:00,like
U0103,I055,2025.12.24 10:00,view
U0228,I095,2025.12.24 10:00,view
U0290,I080,2025.12.24 12:00,view
U0016,I006,2025.12.24 14:00,buy
U0273,I070,2025.12.24 15:00,view
U0016,I019,2025.12.24 16:00,view
U0143,I057,2025.12.24 17:00,view
U0165,I032,2025.12.24 17:00,buy
U0060,I082,2025.12.24 18:00,like
U0120,I077,2025.12.24 23:00,view
U0024,I060,2025.12.25 0:00,like
U0167,I059,2025.12.25 3:00,view
U0129,I092,2025.12.25 7:00,like
U0151,I076,2025.12.25 10:00,buy
U0141,I080,2025.12.25 11:00,view
U0129,I093,2025.12.25 12:00,view
U0235,I010,2025.12.25 12:00,like
U0060,I081,2025.12.25 13:00,view
U0207,I096,2025.12.25 18:00,buy
U0150,I039,2025.12.25 18:00,view
U0132,I060,2025.12.25 18:00,view
U0075,I049,2025.12.25 18:00,like
U0120,I087,2025.12.25 20:00,view
U0273,I091,2025.12.25 20:00,view
U0012,I067,2025.12.25 20:00,view
U0251,I065,2025.12.25 20:00,view
U0034,I012,2025.12.25 21:00,like
U0036,I023,2025.12.25 22:00,buy
U0279,I010,2025.12.26 0:00,like
U0258,I073,2025.12.26 2:00,like
U0033,I040,2025.12.26 3:00,view
U0001,I076,2025.12.26 6:00,view
U0141,I096,2025.12.26 8:00,like
U0120,I094,2025.12.26 9:00,like
U0153,I085,2025.12.26 9:00,like
U0141,I007,2025.12.26 10:00,view
U0207,I094,2025.12.26 15:00,view
U0023,I022,2025.12.26 20:00,view
U0016,I042,2025.12.26 22:00,like
U0252,I060,2025.12.27 1:00,view
U0143,I071,2025.12.27 2:00,view
U0031,I033,2025.12.27 3:00,like
U0067,I049,2025.12.27 6:00,like
U0055,I034,2025.12.27 7:00,view
U0089,I039,2025.12.27 9:00,like
U0019,I004,2025.12.27 11:00,like
U0143,I033,2025.12.27 11:00,view
U0074,I035,2025.12.27 13:00,like
U0095,I048,2025.12.27 14:00,view
U0214,I025,2025.12.27 14:00,buy
U0273,I083,2025.12.27 14:00,view
U0219,I079,2025.12.27 15:00,view
U0279,I076,2025.12.27 15:00,like
U0138,I076,2025.12.27 16:00,like
U0045,I066,2025.12.27 20:00,view
U0167,I037,2025.12.27 22:00,like
U0268,I013,2025.12.28 0:00,view
U0300,I062,2025.12.28 6:00,like
U0165,I038,2025.12.28 8:00,like
U0228,I043,2025.12.28 10:00,view
U0006,I064,2025.12.28 12:00,buy
U0037,I014,2025.12.28 12:00,like
U0121,I018,2025.12.28 16:00,view
U0300,I046,2025.12.28 21:00,buy
U0279,I089,2025.12.28 21:00,view
U0076,I002,2025.12.28 21:00,like
U0095,I035,2025.12.28 23:00,like
U0137,I044,2025.12.29 3:00,buy
U0206,I011,2025.12.29 4:00,buy
U0074,I073,2025.12.29 5:00,view
U0263,I032,2025.12.29 6:00,like
U0204,I055,2025.12.29 6:00,like
U0234,I081,2025.12.29 9:00,view
U0206,I078,2025.12.29 20:00,view
U0135,I071,2025.12.29 23:00,view
U0075,I033,2025.12.29 23:00,view
U0074,I074,2025.12.30 1:00,buy
U0292,I067,2025.12.30 1:00,like
U0095,I070,2025.12.30 1:00,view
U0270,I021,2025.12.30 2:00,like
U0127,I099,2025.12.30 6:00,like
U0137,I033,2025.12.30 7:00,view
U0223,I042,2025.12.30 7:00,view
U0177,I042,2025.12.30 8:00,view
U0047,I063,2025.12.30 9:00,buy
U0092,I040,2025.12.30 9:00,view
U0137,I070,2025.12.30 10:00,buy
U0057,I096,2025.12.30 10:00,view
U0157,I003,2025.12.30 11:00,buy
U0267,I004,2025.12.30 12:00,like
U0057,I019,2025.12.30 19:00,like
U0198,I082,2025.12.30 21:00,view
U0067,I092,2025.12.30 22:00,like
U0121,I099,2025.12.31 2:00,like
U0067,I001,2025.12.31 2:00,view
U0162,I012,2025.12.31 4:00,view
U0200,I058,2025.12.31 5:00,view
U0127,I046,2025.12.31 6:00,view
U0204,I087,2025.12.31 7:00,buy
U0198,I032,2025.12.31 8:00,view
U0119,I040,2025.12.31 8:00,view
U0091,I006,2025.12.31 9:00,like
U0052,I012,2025.12.31 9:00,view
U0023,I057,2025.12.31 11:00,view
U0095,I003,2025.12.31 12:00,like
U0079,I020,2025.12.31 13:00,like
U0135,I075,2025.12.31 13:00,buy
U0075,I032,2025.12.31 13:00,like
U0235,I021,2025.12.31 13:00,view
U0300,I098,2025.12.31 15:00,view
U0170,I046,2025.12.31 18:00,like
U0019,I025,2025.12.31 20:00,view
U0006,I066,2025.12.31 20:00,view
U0074,I052,2025.12.31 22:00,like
U0268,I039,2026.1.1 0:00,buy
U0238,I033,2026.1.1 4:00,view
U0249,I093,2026.1.1 4:00,view
U0279,I042,2026.1.1 4:00,like
U0023,I066,2026.1.1 4:00,view
U0076,I087,2026.1.1 6:00,like
U0252,I096,2026.1.1 9:00,buy
U0270,I070,2026.1.1 9:00,view
U0206,I040,2026.1.1 10:00,view
U0090,I082,2026.1.1 11:00,like
U0084,I042,2026.1.1 13:00,like
U0124,I024,2026.1.1 17:00,view
U0151,I035,2026.1.1 17:00,view
U0150,I082,2026.1.1 19:00,buy
U0234,I042,2026.1.1 20:00,buy
U0079,I018,2026.1.1 21:00,view
U0170,I060,2026.1.1 21:00,like
U0085,I043,2026.1.1 22:00,view
U0123,I064,2026.1.2 0:00,view
U0120,I055,2026.1.2 3:00,buy
U0198,I093,2026.1.2 8:00,like
U0171,I081,2026.1.2 10:00,like
U0042,I080,2026.1.2 10:00,view
U0037,I060,2026.1.2 12:00,like
U0020,I044,2026.1.2 14:00,like
U0279,I086,2026.1.2 16:00,buy
U0122,I044,2026.1.2 17:00,like
U0133,I012,2026.1.2 18:00,like
U0233,I047,2026.1.2 19:00,view
U0256,I018,2026.1.2 20:00,view
U0029,I012,2026.1.2 21:00,like
U0300,I070,2026.1.2 22:00,view
U0085,I071,2026.1.2 23:00,like
U0120,I092,2026.1.3 2:00,like
U0093,I012,2026.1.3 2:00,like
U0033,I057,2026.1.3 2:00,view
U0213,I062,2026.1.3 4:00,buy
U0273,I057,2026.1.3 7:00,view
U0267,I001,2026.1.3 9:00,buy
U0223,I017,2026.1.3 10:00,like
U0045,I082,2026.1.3 11:00,view
U0245,I066,2026.1.3 11:00,buy
U0028,I001,2026.1.3 13:00,view
U0143,I097,2026.1.3 13:00,view
U0085,I016,2026.1.3 15:00,view
U0200,I084,2026.1.3 15:00,like
U0170,I061,2026.1.3 16:00,view
U0157,I070,2026.1.3 17:00,view
U0047,I089,2026.1.3 17:00,like
U0129,I046,2026.1.3 19:00,buy
U0138,I032,2026.1.3 20:00,view
U0268,I022,2026.1.3 22:00,view
U0025,I022,2026.1.3 23:00,buy
U0206,I098,2026.1.4 1:00,view
U0122,I066,2026.1.4 1:00,buy
U0122,I061,2026.1.4 2:00,view
U0234,I062,2026.1.4 3:00,view
U0047,I058,2026.1.4 4:00,view
U0091,I008,2026.1.4 4:00,view
U0214,I082,2026.1.4 5:00,view
U0137,I076,2026.1.4 7:00,buy
U0129,I006,2026.1.4 12:00,buy
U0153,I082,2026.1.4 14:00,view
U0016,I054,2026.1.4 16:00,like
U0090,I057,2026.1.4 16:00,view
U0285,I060,2026.1.4 18:00,view
U0151,I004,2026.1.5 2:00,like
U0228,I003,2026.1.5 4:00,view
U0219,I060,2026.1.5 5:00,view
U0043,I004,2026.1.5 5:00,view
U0057,I088,2026.1.5 8:00,like
U0267,I089,2026.1.5 8:00,view
U0238,I030,2026.1.5 9:00,view
U0268,I007,2026.1.5 11:00,view
U0123,I074,2026.1.5 11:00,like
U0023,I042,2026.1.5 13:00,view
U0171,I100,2026.1.5 13:00,view
U0187,I004,2026.1.5 13:00,view
U0225,I096,2026.1.5 15:00,view
U0079,I025,2026.1.5 18:00,view
U0045,I089,2026.1.5 20:00,like
U0165,I037,2026.1.6 1:00,view
U0285,I094,2026.1.6 1:00,view
U0103,I010,2026.1.6 3:00,view
U0211,I090,2026.1.6 3:00,view
U0075,I047,2026.1.6 3:00,buy
U0198,I089,2026.1.6 4:00,like
U0179,I078,2026.1.6 6:00,like
U0028,I079,2026.1.6 8:00,view
U0223,I082,2026.1.6 13:00,view
U0137,I049,2026.1.6 14:00,view
U0171,I067,2026.1.6 14:00,like
U0019,I010,2026.1.6 20:00,like
U0256,I025,2026.1.7 1:00,view
U0006,I067,2026.1.7 1:00,like
U0249,I062,2026.1.7 3:00,like
U0105,I081,2026.1.7 4:00,like
U0037,I003,2026.1.7 10:00,view
U0175,I006,2026.1.7 12:00,buy
U0016,I030,2026.1.7 13:00,view
U0006,I085,2026.1.7 13:00,buy
U0157,I043,2026.1.7 14:00,view
U0285,I076,2026.1.7 15:00,like
U0122,I069,2026.1.7 17:00,view
U0063,I040,2026.1.7 17:00,view
U0008,I051,2026.1.7 20:00,view
U0162,I067,2026.1.7 21:00,view
U0270,I064,2026.1.8 0:00,view
U0019,I019,2026.1.8 1:00,like
U0204,I015,2026.1.8 2:00,view
U0241,I089,2026.1.8 3:00,view
U0122,I011,2026.1.8 3:00,view
U0177,I096,2026.1.8 11:00,buy
U0093,I096,2026.1.8 11:00,like
U0124,I020,2026.1.8 14:00,buy
U0249,I081,2026.1.8 14:00,buy
U0135,I042,2026.1.8 14:00,buy
U0076,I019,2026.1.8 15:00,buy
U0103,I020,2026.1.8 15:00,view
U0018,I085,2026.1.8 16:00,buy
U0137,I023,2026.1.8 20:00,view
U0171,I087,2026.1.8 21:00,view
U0229,I042,2026.1.9 1:00,like
U0071,I061,2026.1.9 1:00,like
U0067,I009,2026.1.9 1:00,buy
U0089,I071,2026.1.9 4:00,like
U0105,I052,2026.1.9 5:00,view
U0241,I002,2026.1.9 5:00,like
U0252,I019,2026.1.9 9:00,buy
U0103,I044,2026.1.9 11:00,like
U0214,I028,2026.1.9 13:00,view
U0238,I015,2026.1.9 14:00,view
U0267,I069,2026.1.9 14:00,like
U0225,I087,2026.1.9 15:00,view
U0279,I002,2026.1.9 16:00,view
U0023,I058,2026.1.9 20:00,buy
U0279,I093,2026.1.9 22:00,buy
U0137,I072,2026.1.10 0:00,buy
U0251,I032,2026.1.10 2:00,buy
U0043,I025,2026.1.10 4:00,view
U0198,I079,2026.1.10 9:00,like
U0067,I003,2026.1.10 9:00,view
U0122,I032,2026.1.10 10:00,view
U0223,I009,2026.1.10 10:00,like
U0047,I042,2026.1.10 14:00,view
U0091,I019,2026.1.10 17:00,view
U0089,I076,2026.1.10 18:00,buy
U0016,I002,2026.1.10 20:00,buy
U0201,I073,2026.1.10 20:00,like
U0229,I020,2026.1.10 23:00,view
U0246,I067,2026.1.11 4:00,view
U0223,I008,2026.1.11 9:00,view
U0153,I083,2026.1.11 10:00,like
U0060,I053,2026.1.11 11:00,view
U0252,I013,2026.1.11 11:00,view
U0198,I016,2026.1.11 16:00,buy
U0029,I043,2026.1.11 18:00,buy
U0171,I085,2026.1.11 22:00,buy
U0124,I097,2026.1.11 22:00,like
U0137,I054,2026.1.11 22:00,like
U0280,I014,2026.1.11 23:00,view
U0023,I071,2026.1.12 0:00,like
U0157,I061,2026.1.12 1:00,like
U0225,I066,2026.1.12 1:00,view
U0290,I032,2026.1.12 4:00,view
U0188,I049,2026.1.12 5:00,view
U0034,I003,2026.1.12 6:00,like
U0280,I015,2026.1.12 6:00,view
U0197,I078,2026.1.12 6:00,view
U0090,I032,2026.1.12 6:00,view
U0052,I019,2026.1.12 10:00,buy
U0273,I096,2026.1.12 11:00,buy
U0238,I017,2026.1.12 16:00,view
U0016,I038,2026.1.12 16:00,like
U0225,I038,2026.1.12 16:00,like
U0057,I042,2026.1.13 0:00,view
U0263,I071,2026.1.13 1:00,view
U0085,I007,2026.1.13 2:00,buy
U0200,I038,2026.1.13 4:00,buy
U0025,I007,2026.1.13 5:00,view
U0091,I042,2026.1.13 6:00,view
U0206,I036,2026.1.13 7:00,like
U0234,I090,2026.1.13 9:00,buy
U0206,I066,2026.1.13 11:00,buy
U0251,I054,2026.1.13 12:00,view
U0103,I004,2026.1.13 15:00,buy
U0229,I001,2026.1.13 15:00,view
U0280,I032,2026.1.13 19:00,like
U0233,I019,2026.1.13 19:00,like
U0084,I087,2026.1.13 20:00,view
U0024,I095,2026.1.13 20:00,buy
U0138,I085,2026.1.13 23:00,view
U0065,I099,2026.1.14 2:00,view
U0280,I037,2026.1.14 3:00,view
U0090,I091,2026.1.14 3:00,view
U0033,I042,2026.1.14 4:00,like
U0187,I067,2026.1.14 5:00,view
U0133,I092,2026.1.14 6:00,view
U0277,I015,2026.1.14 6:00,like
U0273,I085,2026.1.14 7:00,view
U0065,I073,2026.1.14 8:00,view
U0132,I036,2026.1.14 11:00,view
U0157,I011,2026.1.14 15:00,view
U0219,I001,2026.1.14 15:00,view
U0179,I034,2026.1.14 15:00,view
U0198,I064,2026.1.14 18:00,like
U0290,I013,2026.1.14 19:00,view
U0038,I026,2026.1.14 19:00,view
U0154,I018,2026.1.14 21:00,like
U0047,I074,2026.1.15 1:00,view
U0196,I022,2026.1.15 2:00,buy
U0292,I068,2026.1.15 2:00,view
U0256,I042,2026.1.15 2:00,buy
U0126,I082,2026.1.15 4:00,buy
U0103,I001,2026.1.15 6:00,buy
U0057,I099,2026.1.15 7:00,like
U0119,I036,2026.1.15 9:00,buy
U0212,I002,2026.1.15 9:00,view
U0214,I024,2026.1.15 9:00,view
U0031,I053,2026.1.15 9:00,like
U0267,I095,2026.1.15 10:00,buy
U0277,I018,2026.1.15 14:00,view
U0249,I067,2026.1.15 15:00,view
U0201,I029,2026.1.15 16:00,view
U0046,I002,2026.1.15 17:00,view
U0219,I075,2026.1.15 17:00,like
U0045,I093,2026.1.16 0:00,buy
U0213,I099,2026.1.16 2:00,like
U0171,I096,2026.1.16 2:00,view
U0251,I094,2026.1.16 4:00,view
U0093,I079,2026.1.16 7:00,like
U0268,I024,2026.1.16 7:00,like
U0008,I080,2026.1.16 9:00,view
U0060,I079,2026.1.16 9:00,view
U0103,I084,2026.1.16 9:00,view
U0157,I096,2026.1.16 10:00,view
U0122,I051,2026.1.16 12:00,like
U0211,I018,2026.1.16 12:00,buy
U0126,I083,2026.1.16 14:00,view
U0153,I081,2026.1.16 14:00,like
U0226,I009,2026.1.16 19:00,view
U0273,I043,2026.1.16 22:00,like
U0185,I043,2026.1.16 22:00,view
U0090,I097,2026.1.17 0:00,buy
U0084,I063,2026.1.17 0:00,view
U0033,I071,2026.1.17 2:00,view
U0074,I060,2026.1.17 2:00,view
U0149,I071,2026.1.17 6:00,view
U0020,I040,2026.1.17 7:00,view
U0092,I045,2026.1.17 8:00,view
U0024,I098,2026.1.17 12:00,like
U0254,I043,2026.1.17 13:00,buy
U0153,I042,2026.1.17 15:00,like
U0123,I061,2026.1.17 15:00,buy
U0179,I052,2026.1.17 15:00,view
U0002,I072,2026.1.17 17:00,buy
U0057,I049,2026.1.17 18:00,like
U0126,I029,2026.1.17 20:00,buy
U0163,I002,2026.1.17 21:00,view
U0001,I026,2026.1.17 21:00,like
U0188,I036,2026.1.17 21:00,like
U0166,I026,2026.1.17 23:00,buy
U0226,I006,2026.1.18 0:00,view
U0029,I032,2026.1.18 3:00,buy
U0060,I088,2026.1.18 4:00,view
U0127,I038,2026.1.18 5:00,buy
U0197,I052,2026.1.18 6:00,view
U0004,I004,2026.1.18 7:00,like
U0277,I016,2026.1.18 10:00,buy
U0075,I036,2026.1.18 11:00,view
U0277,I001,2026.1.18 13:00,view
U0233,I060,2026.1.18 14:00,view
U0095,I078,2026.1.18 16:00,view
U0300,I049,2026.1.18 17:00,buy
U0002,I098,2026.1.18 17:00,like
U0075,I028,2026.1.18 18:00,like
U0171,I016,2026.1.18 23:00,buy
U0047,I061,2026.1.19 0:00,buy
U0206,I055,2026.1.19 3:00,view
U0122,I038,2026.1.19 4:00,view
U0133,I039,2026.1.19 5:00,like
U0187,I024,2026.1.19 5:00,view
U0238,I029,2026.1.19 6:00,like
U0120,I043,2026.1.19 6:00,view
U0085,I012,2026.1.19 8:00,buy
U0004,I001,2026.1.19 11:00,buy
U0166,I007,2026.1.19 11:00,view
U0047,I064,2026.1.19 12:00,buy
U0212,I060,2026.1.19 15:00,view
U0228,I086,2026.1.19 19:00,view
U0267,I032,2026.1.19 19:00,like
U0233,I064,2026.1.19 21:00,buy
U0143,I036,2026.1.19 21:00,view
U0141,I052,2026.1.19 21:00,view
U0179,I043,2026.1.19 22:00,view
U0019,I023,2026.1.19 23:00,view
U0024,I053,2026.1.20 1:00,like
U0091,I087,2026.1.20 2:00,buy
U0002,I050,2026.1.20 3:00,view
U0235,I020,2026.1.20 4:00,like
U0282,I093,2026.1.20 7:00,view
U0046,I039,2026.1.20 7:00,view
U0065,I034,2026.1.20 11:00,like
U0091,I026,2026.1.20 12:00,buy
U0075,I055,2026.1.20 14:00,view
U0024,I099,2026.1.20 15:00,view
U0149,I038,2026.1.20 16:00,buy
U0270,I092,2026.1.20 16:00,buy
U0211,I040,2026.1.20 20:00,view
U0151,I070,2026.1.20 21:00,like
U0166,I028,2026.1.20 21:00,view
U0084,I049,2026.1.20 22:00,view
U0246,I084,2026.1.20 22:00,view
U0033,I085,2026.1.20 22:00,buy
U0033,I044,2026.1.21 0:00,buy
U0206,I056,2026.1.21 0:00,buy
U0036,I096,2026.1.21 1:00,view
U0279,I032,2026.1.21 2:00,buy
U0012,I081,2026.1.21 3:00,view
U0230,I048,2026.1.21 3:00,view
U0154,I009,2026.1.21 4:00,view
U0060,I004,2026.1.21 5:00,view
U0167,I044,2026.1.21 6:00,like
U0124,I033,2026.1.21 7:00,view
U0204,I083,2026.1.21 7:00,like
U0043,I013,2026.1.21 7:00,buy
U0067,I099,2026.1.21 8:00,buy
U0267,I021,2026.1.21 11:00,view
U0225,I081,2026.1.21 13:00,view
U0285,I077,2026.1.21 14:00,view
U0277,I009,2026.1.21 15:00,view
U0126,I007,2026.1.21 17:00,view
U0101,I074,2026.1.21 17:00,view
U0163,I027,2026.1.21 18:00,view
U0038,I069,2026.1.21 19:00,like
U0201,I097,2026.1.21 21:00,view
U0146,I001,2026.1.21 22:00,view
U0225,I053,2026.1.21 22:00,view
U0014,I065,2026.1.22 0:00,view
U0042,I086,2026.1.22 0:00,buy
U0124,I010,2026.1.22 2:00,view
U0138,I080,2026.1.22 4:00,like
U0074,I059,2026.1.22 13:00,like
U0121,I023,2026.1.22 13:00,view
U0045,I054,2026.1.22 16:00,like
U0214,I005,2026.1.22 16:00,buy
U0270,I082,2026.1.22 17:00,like
U0091,I002,2026.1.22 17:00,view
U0169,I099,2026.1.22 17:00,view
U0126,I027,2026.1.22 17:00,like
U0185,I002,2026.1.22 21:00,view
U0241,I015,2026.1.22 21:00,buy
U0187,I051,2026.1.23 0:00,view
U0141,I083,2026.1.23 2:00,view
U0076,I040,2026.1.23 2:00,view
U0188,I009,2026.1.23 2:00,buy
U0211,I082,2026.1.23 3:00,view
U0075,I090,2026.1.23 5:00,view
U0170,I065,2026.1.23 5:00,buy
U0200,I060,2026.1.23 5:00,like
U0249,I083,2026.1.23 9:00,view
U0016,I069,2026.1.23 9:00,like
U0132,I091,2026.1.23 11:00,like
U0263,I036,2026.1.23 12:00,buy
U0089,I040,2026.1.23 16:00,view
U0277,I096,2026.1.23 18:00,like
U0241,I004,2026.1.23 21:00,view
U0105,I084,2026.1.23 22:00,view
U0226,I042,2026.1.23 22:00,view
U0004,I029,2026.1.23 22:00,view
U0225,I069,2026.1.23 23:00,view
U0143,I064,2026.1.24 1:00,buy
U0267,I070,2026.1.24 4:00,view
U0047,I062,2026.1.24 5:00,like
U0163,I006,2026.1.24 6:00,like
U0177,I097,2026.1.24 7:00,buy
U0105,I026,2026.1.24 8:00,view
U0254,I036,2026.1.24 9:00,view
U0273,I068,2026.1.24 9:00,view
U0079,I009,2026.1.24 11:00,view
U0016,I045,2026.1.24 11:00,like
U0154,I096,2026.1.24 12:00,view
U0219,I086,2026.1.24 13:00,like
U0213,I080,2026.1.24 13:00,view
U0071,I022,2026.1.24 15:00,view
U0127,I002,2026.1.24 16:00,like
U0006,I061,2026.1.24 16:00,view
U0171,I091,2026.1.24 17:00,view
U0204,I079,2026.1.24 19:00,view
U0151,I026,2026.1.24 20:00,buy
U0169,I042,2026.1.24 21:00,like
U0292,I012,2026.1.25 1:00,like
U0065,I039,2026.1.25 3:00,view
U0036,I080,2026.1.25 5:00,view
U0234,I086,2026.1.25 9:00,view
U0067,I040,2026.1.25 13:00,like
U0169,I019,2026.1.25 18:00,like
U0008,I035,2026.1.25 19:00,buy
U0282,I083,2026.1.25 20:00,view
U0090,I073,2026.1.25 22:00,view
U0091,I074,2026.1.25 23:00,buy
U0207,I100,2026.1.26 1:00,view
U0226,I007,2026.1.26 1:00,view
U0084,I038,2026.1.26 2:00,view
U0014,I094,2026.1.26 2:00,buy
U0273,I012,2026.1.26 5:00,view
U0203,I057,2026.1.26 5:00,view
U0198,I041,2026.1.26 5:00,view
U0146,I067,2026.1.26 6:00,view
U0246,I041,2026.1.26 6:00,view
U0167,I049,2026.1.26 11:00,view
U0024,I034,2026.1.26 12:00,view
U0204,I060,2026.1.26 13:00,like
U0126,I068,2026.1.26 13:00,view
U0175,I042,2026.1.26 15:00,view
U0014,I069,2026.1.26 16:00,view
U0171,I058,2026.1.26 17:00,view
U0044,I051,2026.1.26 18:00,like
U0219,I080,2026.1.26 19:00,buy
U0166,I003,2026.1.26 20:00,like
U0122,I074,2026.1.26 21:00,buy
U0132,I084,2026.1.26 22:00,view
U0063,I067,2026.1.26 22:00,view
U0135,I045,2026.1.26 23:00,view
U0095,I057,2026.1.27 0:00,like
U0004,I071,2026.1.27 6:00,view
U0074,I055,2026.1.27 9:00,like
U0234,I041,2026.1.27 10:00,like
U0055,I042,2026.1.27 11:00,view
U0235,I099,2026.1.27 11:00,like
U0037,I039,2026.1.27 11:00,view
U0263,I018,2026.1.27 14:00,view
U0101,I043,2026.1.27 14:00,view
U0014,I051,2026.1.27 18:00,view
U0268,I001,2026.1.27 18:00,like
U0165,I073,2026.1.27 19:00,view
U0225,I089,2026.1.27 20:00,buy
U0040,I003,2026.1.27 22:00,buy
U0229,I002,2026.1.27 23:00,buy
U0057,I095,2026.1.27 23:00,view
U0238,I012,2026.1.28 2:00,view
U0221,I065,2026.1.28 3:00,like
U0071,I065,2026.1.28 6:00,buy
U0240,I086,2026.1.28 8:00,like
U0238,I040,2026.1.28 12:00,buy
U0223,I043,2026.1.28 13:00,view
U0200,I040,2026.1.28 14:00,buy
U0047,I097,2026.1.28 15:00,like
U0226,I017,2026.1.28 18:00,view
U0074,I043,2026.1.28 19:00,view
U0196,I008,2026.1.28 19:00,view
U0238,I067,2026.1.28 19:00,view
U0175,I039,2026.1.29 0:00,view
U0098,I061,2026.1.29 0:00,buy
U0008,I094,2026.1.29 1:00,view
U0273,I090,2026.1.29 3:00,view
U0287,I007,2026.1.29 4:00,like
U0262,I022,2026.1.29 4:00,view
U0234,I052,2026.1.29 6:00,like
U0204,I064,2026.1.29 7:00,view
U0071,I045,2026.1.29 7:00,buy
U0153,I072,2026.1.29 8:00,view
U0040,I030,2026.1.29 9:00,view
U0087,I091,2026.1.29 14:00,view
U0203,I068,2026.1.29 15:00,view
U0282,I062,2026.1.29 15:00,like
U0214,I021,2026.1.29 15:00,like
U0182,I050,2026.1.29 16:00,view
U0149,I062,2026.1.29 17:00,view
U0234,I084,2026.1.29 17:00,view
U0240,I097,2026.1.29 18:00,buy
U0067,I032,2026.1.29 18:00,buy
U0029,I069,2026.1.29 18:00,view
U0235,I042,2026.1.29 22:00,like
U0113,I040,2026.1.29 22:00,like
U0087,I004,2026.1.29 22:00,like
U0290,I007,2026.1.29 23:00,view
U0169,I023,2026.1.29 23:00,view
U0171,I043,2026.1.30 0:00,buy
U0193,I047,2026.1.30 0:00,view
U0153,I003,2026.1.30 1:00,buy
U0184,I040,2026.1.30 1:00,view
U0277,I040,2026.1.30 4:00,view
U0074,I078,2026.1.30 5:00,like
U0230,I068,2026.1.30 9:00,view
U0033,I012,2026.1.30 10:00,view
U0034,I022,2026.1.30 11:00,view
U0196,I029,2026.1.30 12:00,like
U0169,I010,2026.1.30 14:00,view
U0012,I085,2026.1.30 14:00,buy
U0047,I040,2026.1.30 15:00,view
U0188,I063,2026.1.30 19:00,like
U0219,I042,2026.1.30 20:00,view
U0124,I004,2026.1.30 21:00,view
U0254,I057,2026.1.30 21:00,view
U0113,I049,2026.1.30 22:00,view
U0273,I097,2026.1.30 23:00,view
U0251,I006,2026.1.31 0:00,view
U0277,I004,2026.1.31 0:00,view
U0169,I029,2026.1.31 2:00,view
U0287,I043,2026.1.31 3:00,view
U0200,I045,2026.1.31 4:00,view
U0141,I041,2026.1.31 5:00,buy
U0089,I050,2026.1.31 7:00,like
U0098,I047,2026.1.31 8:00,view
U0019,I097,2026.1.31 10:00,view
U0238,I022,2026.1.31 11:00,view
U0180,I067,2026.1.31 12:00,view
U0002,I038,2026.1.31 13:00,view
U0122,I073,2026.1.31 14:00,buy
U0138,I089,2026.1.31 14:00,view
U0238,I039,2026.1.31 15:00,buy
U0279,I064,2026.1.31 17:00,like
U0256,I045,2026.1.31 20:00,view
U0003,I061,2026.1.31 21:00,buy
U0003,I009,2026.1.31 22:00,view
U0188,I053,2026.1.31 23:00,view
U0256,I017,2026.1.31 23:00,view
U0095,I049,2026.1.31 23:00,buy
U0075,I082,2026.1.31 23:00,view
U0193,I003,2026.1.31 23:00,view
U0142,I006,2026.2.1 0:00,buy
U0203,I061,2026.2.1 6:00,like
U0225,I007,2026.2.1 6:00,view
U0016,I047,2026.2.1 9:00,buy
U0166,I047,2026.2.1 9:00,buy
U0285,I097,2026.2.1 10:00,buy
U0006,I093,2026.2.1 11:00,view
U0091,I013,2026.2.1 13:00,view
U0092,I058,2026.2.1 13:00,view
U0098,I042,2026.2.1 15:00,view
U0162,I089,2026.2.1 16:00,view
U0184,I021,2026.2.1 16:00,like
U0122,I071,2026.2.1 19:00,view
U0087,I011,2026.2.1 20:00,buy
U0282,I080,2026.2.1 20:00,like
U0044,I042,2026.2.1 20:00,view
U0075,I081,2026.2.1 21:00,like
U0241,I082,2026.2.1 22:00,view
U0300,I094,2026.2.1 22:00,view
U0213,I093,2026.2.2 0:00,buy
U0245,I074,2026.2.2 1:00,view
U0090,I080,2026.2.2 1:00,view
U0141,I044,2026.2.2 2:00,buy
U0133,I082,2026.2.2 2:00,view
U0213,I006,2026.2.2 3:00,like
U0228,I042,2026.2.2 4:00,like
U0226,I015,2026.2.2 4:00,view
U0146,I019,2026.2.2 5:00,view
U0177,I080,2026.2.2 6:00,view
U0098,I066,2026.2.2 9:00,view
U0028,I040,2026.2.2 9:00,like
U0033,I043,2026.2.2 9:00,view
U0233,I097,2026.2.2 10:00,like
U0170,I040,2026.2.2 11:00,buy
U0238,I077,2026.2.2 12:00,like
U0297,I099,2026.2.2 13:00,buy
U0126,I043,2026.2.2 14:00,view
U0273,I092,2026.2.2 15:00,view
U0108,I060,2026.2.2 17:00,buy
U0065,I055,2026.2.2 18:00,view
U0149,I057,2026.2.2 18:00,view
U0138,I054,2026.2.2 19:00,view
U0093,I095,2026.2.2 22:00,view
U0065,I062,2026.2.2 23:00,view
U0006,I087,2026.2.3 1:00,view
U0033,I064,2026.2.3 1:00,buy
U0085,I008,2026.2.3 2:00,like
U0223,I040,2026.2.3 2:00,buy
U0101,I042,2026.2.3 2:00,view
U0287,I070,2026.2.3 4:00,like
U0170,I039,2026.2.3 5:00,view
U0019,I024,2026.2.3 5:00,like
U0076,I074,2026.2.3 7:00,buy
U0282,I052,2026.2.3 7:00,view
U0180,I052,2026.2.3 7:00,like
U0234,I007,2026.2.3 8:00,view
U0276,I040,2026.2.3 9:00,view
U0204,I019,2026.2.3 9:00,buy
U0277,I003,2026.2.3 11:00,view
U0024,I082,2026.2.3 14:00,like
U0143,I038,2026.2.3 16:00,buy
U0142,I016,2026.2.3 16:00,view
U0028,I042,2026.2.3 20:00,view
U0024,I054,2026.2.3 20:00,view
U0185,I001,2026.2.3 22:00,view
U0211,I010,2026.2.3 23:00,like
U0276,I036,2026.2.4 6:00,like
U0196,I038,2026.2.4 7:00,view
U0177,I076,2026.2.4 7:00,buy
U0279,I100,2026.2.4 8:00,view
U0146,I049,2026.2.4 9:00,like
U0153,I075,2026.2.4 9:00,view
U0043,I082,2026.2.4 10:00,view
U0196,I082,2026.2.4 12:00,like
U0033,I079,2026.2.4 12:00,view
U0219,I026,2026.2.4 13:00,view
U0297,I081,2026.2.4 14:00,like
U0221,I015,2026.2.4 16:00,view
U0267,I041,2026.2.4 16:00,view
U0014,I043,2026.2.4 18:00,view
U0273,I077,2026.2.4 18:00,buy
U0184,I014,2026.2.4 20:00,buy
U0146,I060,2026.2.5 0:00,view
U0300,I095,2026.2.5 2:00,buy
U0203,I042,2026.2.5 2:00,buy
U0008,I056,2026.2.5 4:00,view
U0016,I026,2026.2.5 4:00,buy
U0129,I062,2026.2.5 5:00,like
U0282,I013,2026.2.5 6:00,like
U0048,I093,2026.2.5 6:00,view
U0003,I085,2026.2.5 7:00,view
U0150,I060,2026.2.5 8:00,like
U0203,I036,2026.2.5 8:00,like
U0141,I079,2026.2.5 8:00,view
U0262,I016,2026.2.5 9:00,like
U0123,I057,2026.2.5 10:00,like
U0031,I042,2026.2.5 10:00,view
U0251,I037,2026.2.5 10:00,view
U0032,I055,2026.2.5 11:00,buy
U0232,I097,2026.2.5 11:00,view
U0092,I033,2026.2.5 14:00,like
U0185,I069,2026.2.5 15:00,buy
U0206,I002,2026.2.5 15:00,view
U0128,I057,2026.2.5 15:00,buy
U0044,I032,2026.2.5 16:00,view
U0240,I091,2026.2.5 23:00,like
U0207,I089,2026.2.6 1:00,view
U0175,I040,2026.2.6 1:00,view
U0034,I035,2026.2.6 1:00,view
U0169,I001,2026.2.6 6:00,view
U0006,I040,2026.2.6 6:00,like
U0229,I068,2026.2.6 6:00,like
U0149,I063,2026.2.6 6:00,view
U0034,I021,2026.2.6 6:00,view
U0124,I017,2026.2.6 7:00,like
U0249,I097,2026.2.6 8:00,view
U0100,I022,2026.2.6 10:00,buy
U0066,I086,2026.2.6 13:00,buy
U0045,I086,2026.2.6 14:00,view
U0188,I045,2026.2.6 14:00,buy
U0235,I028,2026.2.6 18:00,view
U0108,I088,2026.2.6 18:00,view
U0003,I097,2026.2.6 19:00,view
U0207,I024,2026.2.6 19:00,buy
U0036,I052,2026.2.6 20:00,like
U0177,I015,2026.2.6 20:00,buy
U0188,I041,2026.2.6 22:00,view
U0132,I086,2026.2.6 23:00,like
U0124,I043,2026.2.7 0:00,view
U0036,I050,2026.2.7 1:00,view
U0182,I047,2026.2.7 1:00,view
U0282,I023,2026.2.7 3:00,like
U0033,I031,2026.2.7 3:00,buy
U0040,I042,2026.2.7 7:00,view
U0047,I092,2026.2.7 9:00,like
U0014,I074,2026.2.7 9:00,view
U0043,I019,2026.2.7 10:00,view
U0128,I022,2026.2.7 11:00,view
U0044,I006,2026.2.7 12:00,view
U0067,I060,2026.2.7 14:00,view
U0279,I043,2026.2.7 15:00,view
U0226,I040,2026.2.7 17:00,like
U0263,I040,2026.2.7 18:00,buy
U0157,I022,2026.2.7 18:00,like
U0255,I080,2026.2.7 19:00,like
U0245,I078,2026.2.7 19:00,buy
U0003,I067,2026.2.7 20:00,buy
U0290,I065,2026.2.7 21:00,like
U0214,I013,2026.2.7 22:00,view
U0008,I008,2026.2.7 23:00,like
U0206,I006,2026.2.8 0:00,buy
U0166,I020,2026.2.8 2:00,like
U0171,I006,2026.2.8 2:00,like
U0193,I007,2026.2.8 2:00,buy
U0212,I090,2026.2.8 3:00,buy
U0170,I033,2026.2.8 4:00,buy
U0184,I019,2026.2.8 5:00,buy
U0087,I089,2026.2.8 6:00,view
U0089,I059,2026.2.8 6:00,view
U0143,I059,2026.2.8 11:00,buy
U0032,I018,2026.2.8 11:00,like
U0124,I099,2026.2.8 14:00,view
U0024,I023,2026.2.8 15:00,view
U0108,I094,2026.2.8 15:00,like
U0138,I024,2026.2.8 16:00,view
U0032,I058,2026.2.8 16:00,buy
U0263,I049,2026.2.8 17:00,view
U0018,I068,2026.2.8 21:00,buy
U0034,I042,2026.2.8 23:00,view
U0232,I099,2026.2.8 23:00,buy
U0180,I006,2026.2.8 23:00,view
U0063,I068,2026.2.9 3:00,like
U0170,I087,2026.2.9 4:00,view
U0004,I012,2026.2.9 5:00,view
U0003,I005,2026.2.9 5:00,view
U0146,I066,2026.2.9 6:00,view
U0098,I077,2026.2.9 6:00,like
U0113,I076,2026.2.9 8:00,view
U0221,I086,2026.2.9 10:00,view
U0182,I058,2026.2.9 12:00,view
U0229,I039,2026.2.9 12:00,buy
U0188,I034,2026.2.9 12:00,like
U0046,I017,2026.2.9 13:00,like
U0241,I005,2026.2.9 14:00,view
U0043,I020,2026.2.9 14:00,like
U0203,I077,2026.2.9 14:00,view
U0004,I031,2026.2.9 15:00,view
U0162,I086,2026.2.9 16:00,like
U0123,I091,2026.2.9 17:00,view
U0170,I056,2026.2.9 20:00,view
U0149,I077,2026.2.9 20:00,like
U0142,I012,2026.2.9 20:00,view
U0095,I050,2026.2.9 22:00,buy
U0185,I048,2026.2.9 22:00,view
U0143,I041,2026.2.9 23:00,like
U0037,I042,2026.2.9 23:00,buy
U0045,I004,2026.2.10 0:00,like
U0074,I051,2026.2.10 1:00,like
U0033,I078,2026.2.10 1:00,like
U0221,I080,2026.2.10 2:00,buy
U0175,I088,2026.2.10 2:00,view
U0179,I044,2026.2.10 3:00,like
U0225,I040,2026.2.10 3:00,view
U0235,I097,2026.2.10 6:00,like
U0166,I008,2026.2.10 7:00,like
U0084,I023,2026.2.10 9:00,view
U0277,I042,2026.2.10 10:00,buy
U0060,I030,2026.2.10 10:00,view
U0090,I055,2026.2.10 13:00,like
U0204,I091,2026.2.10 15:00,like
U0128,I062,2026.2.10 15:00,view
U0177,I081,2026.2.10 17:00,view
U0052,I011,2026.2.10 18:00,view
U0042,I060,2026.2.10 19:00,view
U0232,I002,2026.2.10 20:00,view
U0292,I071,2026.2.11 0:00,view
U0087,I075,2026.2.11 1:00,view
U0088,I001,2026.2.11 1:00,buy
U0252,I055,2026.2.11 4:00,view
U0020,I073,2026.2.11 5:00,view
U0032,I057,2026.2.11 5:00,view
U0044,I040,2026.2.11 5:00,view
U0285,I083,2026.2.11 8:00,like
U0226,I010,2026.2.11 8:00,like
U0006,I100,2026.2.11 9:00,buy
U0233,I045,2026.2.11 9:00,view
U0066,I006,2026.2.11 10:00,like
U0285,I080,2026.2.11 11:00,view
U0282,I096,2026.2.11 11:00,like
U0169,I040,2026.2.11 12:00,view
U0122,I057,2026.2.11 12:00,view
U0047,I048,2026.2.11 13:00,buy
U0240,I002,2026.2.11 13:00,like
U0040,I009,2026.2.11 13:00,view
U0207,I075,2026.2.11 15:00,like
U0240,I085,2026.2.11 15:00,view
U0206,I007,2026.2.11 17:00,view
U0014,I049,2026.2.11 18:00,like
U0044,I057,2026.2.11 19:00,buy
U0277,I067,2026.2.11 19:00,view
U0262,I074,2026.2.11 20:00,view
U0067,I042,2026.2.11 20:00,view
U0066,I027,2026.2.11 21:00,view
U0016,I010,2026.2.11 21:00,view
U0300,I053,2026.2.11 22:00,buy
U0203,I063,2026.2.12 2:00,view
U0016,I079,2026.2.12 4:00,view
U0221,I067,2026.2.12 8:00,like
U0074,I072,2026.2.12 9:00,view
U0277,I041,2026.2.12 10:00,view
U0036,I083,2026.2.12 10:00,buy
U0221,I055,2026.2.12 10:00,like
U0113,I001,2026.2.12 11:00,view
U0037,I071,2026.2.12 11:00,buy
U0196,I031,2026.2.12 12:00,like
U0124,I048,2026.2.12 12:00,view
U0219,I061,2026.2.12 13:00,buy
U0087,I042,2026.2.12 14:00,view
U0232,I013,2026.2.12 14:00,like
U0277,I086,2026.2.12 15:00,buy
U0040,I096,2026.2.12 18:00,view
U0230,I075,2026.2.13 1:00,buy
U0087,I074,2026.2.13 11:00,view
U0203,I033,2026.2.13 11:00,view
U0232,I071,2026.2.13 12:00,view
U0170,I034,2026.2.13 14:00,view
U0074,I042,2026.2.13 16:00,view
U0182,I055,2026.2.13 17:00,buy
U0170,I043,2026.2.13 18:00,view
U0034,I039,2026.2.13 19:00,buy
U0262,I017,2026.2.13 21:00,view
U0019,I039,2026.2.13 23:00,like
U0175,I045,2026.2.13 23:00,like
U0198,I011,2026.2.14 1:00,view
U0088,I010,2026.2.14 3:00,view
U0048,I042,2026.2.14 4:00,like
U0014,I035,2026.2.14 6:00,view
U0020,I099,2026.2.14 6:00,view
U0065,I065,2026.2.14 8:00,view
U0142,I011,2026.2.14 9:00,view
U0133,I063,2026.2.14 10:00,view
U0174,I085,2026.2.14 11:00,buy
U0184,I022,2026.2.14 13:00,view
U0066,I080,2026.2.14 13:00,view
U0149,I044,2026.2.14 14:00,view
U0040,I004,2026.2.14 14:00,view
U0040,I041,2026.2.14 14:00,view
U0297,I080,2026.2.14 15:00,view
U0024,I042,2026.2.14 16:00,like
U0114,I073,2026.2.14 18:00,buy
U0146,I068,2026.2.14 20:00,view
U0045,I095,2026.2.14 21:00,buy
U0255,I100,2026.2.14 22:00,view
U0292,I064,2026.2.15 1:00,buy
U0004,I067,2026.2.15 3:00,like
U0014,I073,2026.2.15 3:00,view
U0142,I030,2026.2.15 6:00,buy
U0155,I092,2026.2.15 6:00,buy
U0003,I046,2026.2.15 8:00,buy
U0229,I022,2026.2.15 9:00,buy
U0024,I043,2026.2.15 10:00,view
U0234,I096,2026.2.15 10:00,like
U0067,I041,2026.2.15 10:00,view
U0254,I074,2026.2.15 10:00,view
U0114,I067,2026.2.15 11:00,buy
U0008,I083,2026.2.15 12:00,view
U0129,I099,2026.2.15 12:00,view
U0043,I018,2026.2.15 14:00,view
U0200,I047,2026.2.15 14:00,like
U0232,I022,2026.2.15 17:00,view
U0071,I074,2026.2.15 18:00,like
U0290,I051,2026.2.15 18:00,view
U0207,I097,2026.2.15 19:00,like
U0101,I036,2026.2.15 21:00,like
U0020,I038,2026.2.15 21:00,like
U0124,I080,2026.2.16 0:00,view
U0034,I027,2026.2.16 2:00,view
U0143,I055,2026.2.16 3:00,view
U0285,I096,2026.2.16 4:00,view
U0067,I018,2026.2.16 5:00,view
U0101,I072,2026.2.16 7:00,like
U0023,I077,2026.2.16 8:00,view
U0105,I038,2026.2.16 11:00,view
U0002,I066,2026.2.16 12:00,view
U0076,I009,2026.2.16 14:00,buy
U0087,I054,2026.2.16 14:00,view
U0193,I087,2026.2.16 15:00,buy
U0124,I001,2026.2.16 15:00,view
U0188,I043,2026.2.16 17:00,buy
U0100,I021,2026.2.16 19:00,view
U0137,I098,2026.2.16 20:00,buy
U0213,I039,2026.2.16 21:00,view
U0153,I053,2026.2.16 21:00,view
U0235,I004,2026.2.16 22:00,buy
U0225,I090,2026.2.16 23:00,buy
U0263,I070,2026.2.17 0:00,view
U0219,I040,2026.2.17 0:00,view
U0120,I015,2026.2.17 0:00,view
U0108,I087,2026.2.17 1:00,view
U0270,I042,2026.2.17 4:00,like
U0098,I043,2026.2.17 4:00,buy
U0142,I040,2026.2.17 5:00,view
U0185,I060,2026.2.17 8:00,like
U0048,I004,2026.2.17 8:00,view
U0157,I027,2026.2.17 8:00,buy
U0047,I033,2026.2.17 9:00,view
U0074,I038,2026.2.17 11:00,view
U0003,I068,2026.2.17 12:00,view
U0113,I020,2026.2.17 12:00,view
U0036,I063,2026.2.17 13:00,view
U0024,I079,2026.2.17 14:00,view
U0036,I038,2026.2.17 15:00,view
U0052,I042,2026.2.17 16:00,view
U0177,I049,2026.2.17 16:00,view
U0226,I081,2026.2.17 17:00,view
U0254,I071,2026.2.17 22:00,view
U0282,I081,2026.2.17 22:00,like
U0092,I095,2026.2.18 0:00,view
U0019,I014,2026.2.18 1:00,buy
U0123,I095,2026.2.18 1:00,view
U0180,I085,2026.2.18 1:00,view
U0225,I079,2026.2.18 3:00,view
U0290,I092,2026.2.18 7:00,like
U0290,I061,2026.2.18 7:00,like
U0100,I030,2026.2.18 9:00,view
U0262,I009,2026.2.18 10:00,buy
U0074,I069,2026.2.18 12:00,view
U0055,I096,2026.2.18 13:00,view
U0234,I091,2026.2.18 13:00,like
U0113,I036,2026.2.18 14:00,buy
U0038,I050,2026.2.18 14:00,view
U0219,I081,2026.2.18 14:00,like
U0048,I095,2026.2.18 17:00,buy
U0175,I009,2026.2.18 17:00,like
U0120,I088,2026.2.18 22:00,buy
U0048,I082,2026.2.19 0:00,view
U0046,I009,2026.2.19 1:00,buy
U0052,I014,2026.2.19 1:00,buy
U0142,I026,2026.2.19 2:00,view
U0101,I004,2026.2.19 2:00,view
U0124,I006,2026.2.19 2:00,view
U0233,I078,2026.2.19 2:00,like
U0240,I034,2026.2.19 3:00,view
U0020,I019,2026.2.19 4:00,view
U0047,I066,2026.2.19 5:00,like
U0157,I063,2026.2.19 6:00,view
U0234,I085,2026.2.19 6:00,view
U0095,I036,2026.2.19 7:00,like
U0133,I002,2026.2.19 8:00,like
U0035,I060,2026.2.19 9:00,view
U0092,I074,2026.2.19 9:00,like
U0201,I090,2026.2.19 11:00,view
U0002,I040,2026.2.19 12:00,buy
U0014,I059,2026.2.19 12:00,view
U0020,I065,2026.2.19 13:00,view
U0199,I054,2026.2.19 13:00,buy
U0066,I084,2026.2.19 16:00,like
U0008,I059,2026.2.19 16:00,like
U0241,I020,2026.2.19 18:00,view
U0024,I002,2026.2.19 19:00,view
U0155,I043,2026.2.19 19:00,buy
U0001,I028,2026.2.19 19:00,view
U0101,I035,2026.2.19 20:00,view
U0065,I071,2026.2.19 22:00,like
U0066,I099,2026.2.20 0:00,view
U0282,I084,2026.2.20 1:00,view
U0150,I094,2026.2.20 1:00,view
U0113,I042,2026.2.20 2:00,buy
U0251,I067,2026.2.20 2:00,like
U0057,I100,2026.2.20 3:00,view
U0135,I066,2026.2.20 4:00,like
U0090,I042,2026.2.20 6:00,like
U0117,I084,2026.2.20 7:00,view
U0048,I034,2026.2.20 8:00,like
U0124,I025,2026.2.20 9:00,buy
U0100,I040,2026.2.20 10:00,like
U0084,I097,2026.2.20 10:00,buy
U0182,I069,2026.2.20 10:00,like
U0124,I087,2026.2.20 11:00,like
U0258,I082,2026.2.20 12:00,buy
U0295,I016,2026.2.20 14:00,view
U0238,I003,2026.2.20 15:00,view
U0128,I043,2026.2.20 16:00,buy
U0117,I040,2026.2.20 17:00,view
U0071,I080,2026.2.20 17:00,like
U0113,I065,2026.2.20 19:00,view
U0085,I099,2026.2.20 20:00,view
U0297,I042,2026.2.20 21:00,view
U0146,I063,2026.2.20 22:00,buy
U0285,I059,2026.2.20 22:00,view
U0151,I007,2026.2.20 23:00,view
U0036,I067,2026.2.21 0:00,view
U0163,I079,2026.2.21 2:00,like
U0155,I078,2026.2.21 3:00,like
U0170,I076,2026.2.21 4:00,view
U0184,I002,2026.2.21 4:00,view
U0280,I022,2026.2.21 4:00,buy
U0018,I100,2026.2.21 6:00,buy
U0171,I097,2026.2.21 7:00,like
U0169,I018,2026.2.21 10:00,view
U0187,I020,2026.2.21 12:00,like
U0167,I055,2026.2.21 13:00,view
U0226,I080,2026.2.21 14:00,view
U0162,I092,2026.2.21 14:00,view
U0122,I098,2026.2.21 15:00,view
U0008,I007,2026.2.21 15:00,view
U0177,I038,2026.2.21 15:00,view
U0279,I097,2026.2.21 16:00,buy
U0142,I015,2026.2.21 17:00,view
U0270,I004,2026.2.21 20:00,buy
U0003,I032,2026.2.22 0:00,like
U0048,I070,2026.2.22 0:00,like
U0034,I019,2026.2.22 1:00,buy
U0283,I017,2026.2.22 2:00,view
U0203,I066,2026.2.22 4:00,buy
U0117,I087,2026.2.22 6:00,like
U0008,I063,2026.2.22 7:00,buy
U0044,I047,2026.2.22 9:00,view
U0018,I089,2026.2.22 9:00,like
U0117,I049,2026.2.22 10:00,buy
U0198,I068,2026.2.22 11:00,like
U0206,I072,2026.2.22 13:00,like
U0137,I045,2026.2.22 13:00,like
U0177,I022,2026.2.22 14:00,view
U0113,I068,2026.2.22 14:00,view
U0187,I082,2026.2.22 15:00,like
U0282,I091,2026.2.22 16:00,view
U0295,I026,2026.2.22 18:00,like
U0071,I040,2026.2.22 18:00,buy
U0117,I037,2026.2.22 19:00,like
U0066,I093,2026.2.22 19:00,buy
U0193,I052,2026.2.22 19:00,buy
U0163,I087,2026.2.22 21:00,buy
U0260,I065,2026.2.22 22:00,view
U0057,I060,2026.2.22 22:00,view
U0234,I083,2026.2.22 23:00,like
U0185,I054,2026.2.23 0:00,view
U0279,I095,2026.2.23 0:00,view
U0241,I033,2026.2.23 0:00,buy
U0108,I096,2026.2.23 4:00,buy
U0149,I006,2026.2.23 4:00,buy
U0251,I073,2026.2.23 6:00,buy
U0036,I042,2026.2.23 10:00,like
U0108,I051,2026.2.23 11:00,buy
U0185,I068,2026.2.23 11:00,like
U0003,I094,2026.2.23 14:00,view
U0203,I032,2026.2.23 15:00,like
U0204,I059,2026.2.23 15:00,view
U0042,I042,2026.2.23 16:00,view
U0138,I100,2026.2.23 16:00,view
U0196,I073,2026.2.23 16:00,view
U0226,I011,2026.2.23 17:00,view
U0254,I044,2026.2.23 19:00,like
U0260,I067,2026.2.23 19:00,buy
U0004,I005,2026.2.23 20:00,view
U0066,I083,2026.2.23 22:00,view
U0121,I070,2026.2.23 22:00,like
U0280,I018,2026.2.23 23:00,view
U0276,I097,2026.2.24 0:00,buy
U0287,I003,2026.2.24 0:00,view
U0180,I064,2026.2.24 0:00,view
U0028,I023,2026.2.24 1:00,buy
U0120,I076,2026.2.24 3:00,view
U0165,I100,2026.2.24 4:00,view
U0006,I039,2026.2.24 5:00,view
U0108,I059,2026.2.24 6:00,buy
U0033,I019,2026.2.24 6:00,view
U0170,I069,2026.2.24 7:00,view
U0133,I022,2026.2.24 11:00,view
U0151,I010,2026.2.24 13:00,view
U0262,I085,2026.2.24 13:00,view
U0095,I033,2026.2.24 15:00,buy
U0029,I098,2026.2.24 19:00,buy
U0226,I027,2026.2.24 21:00,like
U0103,I011,2026.2.24 21:00,buy
U0089,I078,2026.2.24 23:00,view
U0003,I042,2026.2.24 23:00,view
U0132,I083,2026.2.25 0:00,view
U0292,I046,2026.2.25 1:00,like
U0100,I012,2026.2.25 2:00,view
U0232,I039,2026.2.25 2:00,buy
U0032,I016,2026.2.25 2:00,view
U0164,I060,2026.2.25 3:00,view
U0032,I089,2026.2.25 3:00,view
U0184,I039,2026.2.25 3:00,view
U0120,I093,2026.2.25 4:00,view
U0048,I040,2026.2.25 6:00,view
U0166,I057,2026.2.25 13:00,like
U0071,I072,2026.2.25 15:00,view
U0206,I047,2026.2.25 18:00,view
U0171,I078,2026.2.25 19:00,like
U0278,I037,2026.2.25 22:00,view
U0031,I083,2026.2.25 23:00,buy
U0283,I013,2026.2.25 23:00,view
U0245,I042,2026.2.26 0:00,buy
U0292,I014,2026.2.26 0:00,like
U0057,I055,2026.2.26 1:00,view
U0143,I068,2026.2.26 2:00,buy
U0164,I057,2026.2.26 3:00,view
U0260,I047,2026.2.26 3:00,view
U0023,I037,2026.2.26 6:00,view
U0012,I082,2026.2.26 6:00,like
U0277,I098,2026.2.26 8:00,buy
U0226,I016,2026.2.26 9:00,view
U0233,I025,2026.2.26 9:00,like
U0182,I033,2026.2.26 11:00,buy
U0095,I040,2026.2.26 13:00,view
U0183,I066,2026.2.26 13:00,view
U0047,I067,2026.2.26 16:00,view
U0199,I008,2026.2.26 16:00,like
U0206,I059,2026.2.26 18:00,buy
U0037,I021,2026.2.26 19:00,buy
U0204,I014,2026.2.26 19:00,view
U0212,I043,2026.2.26 20:00,view
U0004,I022,2026.2.26 22:00,buy
U0037,I017,2026.2.26 23:00,like
U0228,I038,2026.2.27 1:00,view
U0024,I031,2026.2.27 1:00,view
U0185,I072,2026.2.27 1:00,view
U0255,I061,2026.2.27 3:00,view
U0125,I040,2026.2.27 3:00,view
U0125,I092,2026.2.27 3:00,like
U0223,I070,2026.2.27 3:00,buy
U0055,I033,2026.2.27 3:00,view
U0108,I019,2026.2.27 3:00,view
U0180,I086,2026.2.27 4:00,like
U0287,I073,2026.2.27 5:00,like
U0177,I094,2026.2.27 6:00,buy
U0128,I042,2026.2.27 7:00,view
U0042,I050,2026.2.27 8:00,buy
U0188,I008,2026.2.27 8:00,view
U0125,I049,2026.2.27 10:00,view
U0122,I050,2026.2.27 11:00,like
U0065,I097,2026.2.27 11:00,like
U0267,I068,2026.2.27 11:00,view
U0255,I042,2026.2.27 11:00,buy
U0232,I053,2026.2.27 16:00,like
U0223,I023,2026.2.27 16:00,view
U0038,I045,2026.2.27 16:00,view
U0267,I093,2026.2.27 16:00,buy
U0146,I073,2026.2.27 17:00,buy
U0063,I042,2026.2.27 17:00,view
U0278,I051,2026.2.27 17:00,view
U0230,I065,2026.2.27 17:00,like
U0133,I018,2026.2.27 18:00,like
U0295,I054,2026.2.27 18:00,buy
U0037,I022,2026.2.27 21:00,buy
U0036,I088,2026.2.27 21:00,view
U0001,I027,2026.2.28 2:00,view
U0095,I075,2026.2.28 3:00,view
U0095,I042,2026.2.28 4:00,view
U0100,I014,2026.2.28 5:00,like
U0185,I098,2026.2.28 7:00,like
U0280,I010,2026.2.28 7:00,view
U0174,I043,2026.2.28 8:00,like
U0129,I047,2026.2.28 8:00,like
U0098,I100,2026.2.28 9:00,view
U0048,I054,2026.2.28 9:00,like
U0225,I042,2026.2.28 9:00,like
U0224,I063,2026.2.28 10:00,view
U0196,I004,2026.2.28 11:00,buy
U0297,I062,2026.2.28 11:00,view
U0224,I057,2026.2.28 13:00,view
U0012,I021,2026.2.28 13:00,like
U0052,I068,2026.2.28 14:00,view
U0245,I055,2026.2.28 14:00,view
U0100,I042,2026.2.28 16:00,view
U0040,I061,2026.2.28 16:00,buy
U0199,I015,2026.2.28 18:00,buy
U0175,I083,2026.2.28 20:00,like
U0171,I066,2026.2.28 20:00,like
U0251,I038,2026.2.28 20:00,like
U0255,I083,2026.2.28 20:00,view
U0251,I001,2026.3.1 0:00,view
U0282,I035,2026.3.1 1:00,view
U0267,I042,2026.3.1 1:00,view
U0091,I034,2026.3.1 3:00,buy
U0223,I041,2026.3.1 3:00,like
U0040,I038,2026.3.1 3:00,view
U0226,I019,2026.3.1 5:00,buy
U0280,I006,2026.3.1 5:00,view
U0203,I035,2026.3.1 5:00,like
U0206,I074,2026.3.1 6:00,view
U0182,I054,2026.3.1 6:00,view
U0024,I093,2026.3.1 6:00,view
U0065,I072,2026.3.1 8:00,like
U0254,I072,2026.3.1 9:00,like
U0037,I006,2026.3.1 10:00,like
U0255,I041,2026.3.1 10:00,view
U0238,I004,2026.3.1 12:00,view
U0084,I083,2026.3.1 13:00,view
U0193,I028,2026.3.1 15:00,view
U0135,I035,2026.3.1 15:00,view
U0143,I056,2026.3.1 18:00,view
U0193,I030,2026.3.1 18:00,buy
U0100,I070,2026.3.1 18:00,view
U0031,I041,2026.3.1 18:00,view
U0226,I046,2026.3.1 18:00,view
U0206,I060,2026.3.1 19:00,view
U0124,I013,2026.3.1 20:00,like
U0166,I043,2026.3.1 21:00,view
U0125,I070,2026.3.1 21:00,like
U0193,I006,2026.3.1 22:00,view
U0170,I002,2026.3.1 22:00,like
U0069,I069,2026.3.1 22:00,view
U0219,I095,2026.3.2 0:00,like
U0037,I013,2026.3.2 1:00,view
U0100,I056,2026.3.2 1:00,view
U0135,I058,2026.3.2 2:00,buy
U0117,I039,2026.3.2 3:00,like
U0280,I042,2026.3.2 4:00,view
U0263,I066,2026.3.2 4:00,view
U0235,I005,2026.3.2 5:00,view
U0047,I057,2026.3.2 5:00,view
U0226,I044,2026.3.2 7:00,like
U0164,I070,2026.3.2 9:00,view
U0254,I062,2026.3.2 10:00,view
U0113,I064,2026.3.2 10:00,view
U0149,I058,2026.3.2 10:00,buy
U0180,I088,2026.3.2 11:00,buy
U0276,I042,2026.3.2 13:00,buy
U0273,I084,2026.3.2 13:00,view
U0188,I081,2026.3.2 14:00,like
U0212,I033,2026.3.2 17:00,view
U0014,I040,2026.3.2 18:00,view
U0133,I042,2026.3.2 19:00,buy
U0052,I015,2026.3.2 19:00,like
U0146,I034,2026.3.2 20:00,view
U0282,I075,2026.3.2 20:00,view
U0154,I070,2026.3.2 21:00,buy
U0279,I061,2026.3.2 22:00,view
U0092,I041,2026.3.3 0:00,like
U0282,I043,2026.3.3 1:00,view
U0043,I002,2026.3.3 3:00,buy
U0012,I049,2026.3.3 3:00,buy
U0142,I021,2026.3.3 6:00,view
U0203,I071,2026.3.3 6:00,view
U0295,I040,2026.3.3 7:00,buy
U0155,I059,2026.3.3 7:00,like
U0284,I058,2026.3.3 7:00,buy
U0219,I006,2026.3.3 8:00,view
U0296,I080,2026.3.3 8:00,like
U0055,I009,2026.3.3 8:00,buy
U0229,I038,2026.3.3 8:00,buy
U0155,I045,2026.3.3 9:00,view
U0296,I019,2026.3.3 9:00,view
U0246,I086,2026.3.3 13:00,view
U0101,I056,2026.3.3 13:00,like
U0276,I081,2026.3.3 14:00,like
U0226,I043,2026.3.3 15:00,view
U0060,I085,2026.3.3 15:00,view
U0207,I057,2026.3.3 17:00,view
U0004,I015,2026.3.3 21:00,view
U0124,I095,2026.3.3 21:00,like
U0258,I085,2026.3.3 21:00,buy
U0133,I029,2026.3.3 22:00,like
U0090,I089,2026.3.3 23:00,view
U0074,I062,2026.3.3 23:00,view
U0221,I056,2026.3.4 0:00,like
U0238,I042,2026.3.4 2:00,buy
U0283,I040,2026.3.4 4:00,like
U0067,I043,2026.3.4 6:00,view
U0125,I051,2026.3.4 6:00,like
U0249,I046,2026.3.4 7:00,buy
U0048,I076,2026.3.4 7:00,view
U0076,I042,2026.3.4 10:00,view
U0229,I040,2026.3.4 10:00,view
U0153,I079,2026.3.4 12:00,buy
U0177,I041,2026.3.4 13:00,like
U0174,I012,2026.3.4 13:00,buy
U0232,I004,2026.3.4 14:00,view
U0075,I073,2026.3.4 14:00,buy
U0012,I100,2026.3.4 14:00,like
U0188,I052,2026.3.4 18:00,like
U0142,I028,2026.3.4 19:00,like
U0232,I006,2026.3.4 21:00,view
U0153,I054,2026.3.4 22:00,view
U0206,I035,2026.3.4 23:00,like
U0221,I068,2026.3.5 1:00,view
U0143,I070,2026.3.5 2:00,view
U0090,I064,2026.3.5 2:00,buy
U0273,I080,2026.3.5 3:00,like
U0157,I005,2026.3.5 5:00,like
U0034,I014,2026.3.5 6:00,view
U0214,I042,2026.3.5 6:00,like
U0193,I074,2026.3.5 8:00,buy
U0155,I057,2026.3.5 10:00,view
U0036,I074,2026.3.5 10:00,view
U0114,I093,2026.3.5 10:00,view
U0285,I043,2026.3.5 10:00,view
U0226,I033,2026.3.5 10:00,buy
U0091,I043,2026.3.5 11:00,view
U0150,I019,2026.3.5 12:00,buy
U0040,I022,2026.3.5 13:00,view
U0127,I005,2026.3.5 14:00,view
U0024,I035,2026.3.5 17:00,like
U0004,I074,2026.3.5 17:00,view
U0296,I071,2026.3.5 18:00,view
U0199,I074,2026.3.5 20:00,view
U0199,I004,2026.3.5 20:00,view
U0057,I098,2026.3.5 21:00,view
U0150,I049,2026.3.5 22:00,view
U0048,I079,2026.3.5 23:00,view
U0164,I058,2026.3.5 23:00,view
U0278,I048,2026.3.5 23:00,like
U0098,I094,2026.3.6 1:00,view
U0238,I008,2026.3.6 3:00,view
U0286,I031,2026.3.6 3:00,view
U0224,I076,2026.3.6 4:00,buy
U0113,I080,2026.3.6 5:00,like
U0279,I083,2026.3.6 5:00,view
U0240,I079,2026.3.6 8:00,view
U0241,I010,2026.3.6 8:00,buy
U0123,I002,2026.3.6 9:00,buy
U0153,I086,2026.3.6 9:00,like
U0155,I076,2026.3.6 10:00,buy
U0230,I047,2026.3.6 15:00,like
U0157,I042,2026.3.6 17:00,view
U0114,I099,2026.3.6 17:00,view
U0155,I055,2026.3.6 22:00,view
U0057,I059,2026.3.6 22:00,like
U0282,I056,2026.3.7 0:00,like
U0224,I071,2026.3.7 1:00,like
U0183,I032,2026.3.7 1:00,buy
U0224,I008,2026.3.7 1:00,buy
U0127,I008,2026.3.7 2:00,view
U0167,I050,2026.3.7 3:00,like
U0184,I049,2026.3.7 3:00,view
U0126,I096,2026.3.7 3:00,view
U0193,I096,2026.3.7 5:00,view
U0294,I084,2026.3.7 6:00,view
U0254,I066,2026.3.7 7:00,buy
U0201,I096,2026.3.7 7:00,like
U0141,I062,2026.3.7 8:00,view
U0221,I057,2026.3.7 8:00,like
U0122,I094,2026.3.7 10:00,buy
U0174,I015,2026.3.7 10:00,view
U0047,I009,2026.3.7 10:00,view
U0180,I093,2026.3.7 12:00,view
U0132,I042,2026.3.7 12:00,view
U0155,I070,2026.3.7 13:00,view
U0108,I097,2026.3.7 14:00,view
U0174,I098,2026.3.7 14:00,view
U0226,I074,2026.3.7 16:00,view
U0035,I049,2026.3.7 21:00,like
U0243,I068,2026.3.7 22:00,view
U0199,I047,2026.3.7 23:00,buy
U0260,I040,2026.3.7 23:00,view
U0063,I088,2026.3.8 1:00,like
U0090,I060,2026.3.8 1:00,view
U0203,I044,2026.3.8 3:00,view
U0283,I082,2026.3.8 5:00,view
U0252,I099,2026.3.8 7:00,view
U0133,I050,2026.3.8 10:00,view
U0164,I066,2026.3.8 10:00,buy
U0037,I001,2026.3.8 11:00,view
U0180,I040,2026.3.8 12:00,view
U0298,I034,2026.3.8 12:00,view
U0143,I042,2026.3.8 13:00,buy
U0232,I090,2026.3.8 14:00,view
U0091,I024,2026.3.8 14:00,like
U0199,I055,2026.3.8 14:00,like
U0151,I040,2026.3.8 15:00,buy
U0151,I006,2026.3.8 16:00,like
U0273,I064,2026.3.8 17:00,like
U0231,I035,2026.3.8 17:00,view
U0090,I095,2026.3.8 17:00,view
U0284,I024,2026.3.8 19:00,view
U0150,I055,2026.3.8 21:00,view
U0294,I067,2026.3.8 22:00,buy
U0075,I043,2026.3.8 23:00,view
U0128,I006,2026.3.9 0:00,view
U0276,I087,2026.3.9 0:00,view
U0234,I043,2026.3.9 1:00,buy
U0298,I029,2026.3.9 5:00,view
U0157,I002,2026.3.9 5:00,buy
U0144,I071,2026.3.9 6:00,view
U0125,I032,2026.3.9 7:00,view
U0121,I064,2026.3.9 7:00,like
U0262,I006,2026.3.9 7:00,like
U0138,I090,2026.3.9 8:00,buy
U0203,I048,2026.3.9 9:00,buy
U0296,I063,2026.3.9 9:00,view
U0164,I072,2026.3.9 10:00,view
U0133,I021,2026.3.9 10:00,like
U0285,I052,2026.3.9 11:00,view
U0032,I076,2026.3.9 13:00,like
U0047,I054,2026.3.9 14:00,like
U0076,I036,2026.3.9 14:00,view
U0151,I069,2026.3.9 14:00,view
U0196,I007,2026.3.9 18:00,buy
U0146,I069,2026.3.9 18:00,view
U0294,I068,2026.3.9 18:00,buy
U0154,I040,2026.3.9 19:00,view
U0282,I086,2026.3.9 19:00,view
U0284,I093,2026.3.9 19:00,view
U0127,I034,2026.3.9 21:00,like
U0035,I035,2026.3.9 23:00,buy
U0098,I049,2026.3.9 23:00,view
U0150,I035,2026.3.10 1:00,like
U0277,I008,2026.3.10 2:00,buy
U0163,I043,2026.3.10 4:00,buy
U0040,I001,2026.3.10 5:00,view
U0154,I003,2026.3.10 5:00,view
U0043,I007,2026.3.10 8:00,view
U0211,I022,2026.3.10 9:00,view
U0284,I047,2026.3.10 14:00,view
U0146,I070,2026.3.10 14:00,like
U0296,I042,2026.3.10 14:00,view
U0093,I091,2026.3.10 15:00,view
U0097,I081,2026.3.10 16:00,buy
U0121,I043,2026.3.10 17:00,view
U0128,I061,2026.3.10 19:00,view
U0042,I094,2026.3.10 19:00,buy
U0260,I053,2026.3.10 19:00,view
U0207,I095,2026.3.10 20:00,view
U0295,I001,2026.3.10 20:00,like
U0155,I072,2026.3.10 20:00,like
U0155,I066,2026.3.10 21:00,like
U0226,I030,2026.3.10 22:00,buy
U0221,I042,2026.3.11 2:00,view
U0076,I037,2026.3.11 3:00,buy
U0079,I001,2026.3.11 3:00,buy
U0213,I083,2026.3.11 6:00,like
U0286,I011,2026.3.11 7:00,buy
U0002,I059,2026.3.11 9:00,like
U0023,I016,2026.3.11 10:00,view
U0121,I009,2026.3.11 10:00,view
U0045,I045,2026.3.11 10:00,view
U0052,I039,2026.3.11 10:00,view
U0185,I078,2026.3.11 12:00,like
U0256,I019,2026.3.11 14:00,view
U0044,I061,2026.3.11 14:00,like
U0035,I033,2026.3.11 15:00,view
U0047,I044,2026.3.11 16:00,like
U0239,I081,2026.3.11 17:00,buy
U0260,I069,2026.3.11 17:00,buy
U0294,I021,2026.3.11 20:00,buy
U0294,I082,2026.3.11 21:00,view
U0149,I042,2026.3.11 23:00,buy
U0231,I099,2026.3.11 23:00,view
U0076,I011,2026.3.12 0:00,buy
U0196,I017,2026.3.12 0:00,view
U0067,I083,2026.3.12 1:00,buy
U0028,I099,2026.3.12 3:00,view
U0255,I067,2026.3.12 4:00,view
U0139,I067,2026.3.12 4:00,view
U0108,I083,2026.3.12 4:00,view
U0029,I060,2026.3.12 4:00,like
U0033,I081,2026.3.12 7:00,buy
U0054,I081,2026.3.12 8:00,buy
U0263,I016,2026.3.12 9:00,view
U0032,I004,2026.3.12 9:00,view
U0224,I016,2026.3.12 10:00,view
U0294,I097,2026.3.12 11:00,view
U0189,I087,2026.3.12 13:00,view
U0113,I031,2026.3.12 13:00,buy
U0098,I078,2026.3.12 16:00,like
U0046,I096,2026.3.12 17:00,view
U0129,I017,2026.3.12 19:00,view
U0125,I065,2026.3.12 20:00,like
U0121,I019,2026.3.12 20:00,view
U0255,I087,2026.3.12 20:00,like
U0144,I034,2026.3.12 22:00,view
U0183,I095,2026.3.13 1:00,view
U0151,I016,2026.3.13 2:00,view
U0260,I073,2026.3.13 2:00,like
U0031,I039,2026.3.13 5:00,view
U0146,I076,2026.3.13 6:00,like
U0150,I093,2026.3.13 6:00,view
U0282,I060,2026.3.13 6:00,view
U0300,I087,2026.3.13 6:00,like
U0144,I091,2026.3.13 7:00,view
U0243,I080,2026.3.13 7:00,like
U0135,I093,2026.3.13 11:00,view
U0040,I018,2026.3.13 12:00,like
U0197,I077,2026.3.13 13:00,like
U0255,I085,2026.3.13 13:00,like
U0193,I033,2026.3.13 16:00,like
U0097,I037,2026.3.13 16:00,like
U0179,I055,2026.3.13 16:00,buy
U0126,I020,2026.3.13 17:00,view
U0139,I039,2026.3.13 17:00,like
U0282,I026,2026.3.13 17:00,buy
U0125,I061,2026.3.13 18:00,view
U0098,I091,2026.3.13 18:00,view
U0280,I031,2026.3.13 19:00,view
U0183,I059,2026.3.13 21:00,buy
U0231,I026,2026.3.13 22:00,like
U0128,I058,2026.3.14 0:00,view
U0124,I003,2026.3.14 0:00,buy
U0278,I065,2026.3.14 1:00,buy
U0004,I082,2026.3.14 1:00,like
U0211,I033,2026.3.14 2:00,buy
U0296,I069,2026.3.14 3:00,view
U0260,I051,2026.3.14 3:00,buy
U0224,I018,2026.3.14 4:00,view
U0117,I033,2026.3.14 4:00,buy
U0243,I064,2026.3.14 5:00,buy
U0277,I099,2026.3.14 6:00,view
U0054,I085,2026.3.14 8:00,view
U0283,I024,2026.3.14 8:00,like
U0119,I061,2026.3.14 9:00,view
U0219,I039,2026.3.14 10:00,buy
U0238,I038,2026.3.14 11:00,view
U0069,I076,2026.3.14 12:00,like
U0036,I064,2026.3.14 13:00,view
U0295,I059,2026.3.14 14:00,view
U0279,I069,2026.3.14 14:00,buy
U0023,I040,2026.3.14 14:00,view
U0180,I080,2026.3.14 14:00,view
U0286,I019,2026.3.14 15:00,like
U0029,I083,2026.3.14 16:00,view
U0298,I041,2026.3.14 17:00,view
U0282,I011,2026.3.14 17:00,like
U0290,I040,2026.3.14 19:00,like
U0030,I015,2026.3.14 20:00,buy
U0014,I061,2026.3.14 21:00,view
U0298,I058,2026.3.14 23:00,like
U0146,I099,2026.3.15 0:00,view
U0277,I010,2026.3.15 2:00,view
U0132,I044,2026.3.15 7:00,like
U0185,I037,2026.3.15 7:00,like
U0164,I055,2026.3.15 8:00,view
U0284,I048,2026.3.15 8:00,view
U0114,I030,2026.3.15 10:00,view
U0254,I058,2026.3.15 10:00,view
U0088,I009,2026.3.15 11:00,view
U0100,I091,2026.3.15 11:00,buy
U0228,I087,2026.3.15 11:00,like
U0193,I017,2026.3.15 11:00,like
U0212,I077,2026.3.15 12:00,like
U0069,I082,2026.3.15 13:00,buy
U0117,I080,2026.3.15 13:00,like
U0006,I019,2026.3.15 14:00,view
U0052,I020,2026.3.15 14:00,view
U0133,I031,2026.3.15 19:00,view
U0066,I052,2026.3.15 19:00,view
U0123,I100,2026.3.15 19:00,view
U0199,I006,2026.3.15 20:00,buy
U0048,I038,2026.3.15 22:00,view
U0155,I053,2026.3.15 22:00,like
U0276,I086,2026.3.15 23:00,buy
U0297,I067,2026.3.15 23:00,like
U0040,I040,2026.3.16 0:00,view
U0239,I002,2026.3.16 1:00,like
U0236,I068,2026.3.16 1:00,buy
U0098,I006,2026.3.16 3:00,view
U0263,I076,2026.3.16 4:00,view
U0030,I049,2026.3.16 4:00,view
U0091,I007,2026.3.16 4:00,buy
U0104,I058,2026.3.16 5:00,view
U0296,I061,2026.3.16 7:00,view
U0113,I003,2026.3.16 7:00,like
U0097,I013,2026.3.16 7:00,view
U0146,I059,2026.3.16 9:00,like
U0203,I040,2026.3.16 12:00,view
U0290,I047,2026.3.16 13:00,view
U0048,I080,2026.3.16 13:00,view
U0018,I070,2026.3.16 14:00,view
U0297,I095,2026.3.16 15:00,buy
U0128,I005,2026.3.16 15:00,view
U0082,I010,2026.3.16 18:00,like
U0290,I077,2026.3.16 22:00,like
U0221,I043,2026.3.16 23:00,view
U0277,I074,2026.3.16 23:00,view
U0236,I056,2026.3.17 0:00,view
U0127,I088,2026.3.17 2:00,buy
U0166,I019,2026.3.17 3:00,buy
U0113,I045,2026.3.17 5:00,view
U0054,I090,2026.3.17 6:00,buy
U0019,I017,2026.3.17 7:00,like
U0294,I043,2026.3.17 8:00,view
U0171,I080,2026.3.17 9:00,buy
U0286,I014,2026.3.17 10:00,view
U0036,I015,2026.3.17 10:00,view
U0032,I006,2026.3.17 10:00,view
U0219,I091,2026.3.17 10:00,like
U0201,I082,2026.3.17 10:00,view
U0204,I078,2026.3.17 10:00,view
U0284,I042,2026.3.17 11:00,buy
U0022,I011,2026.3.17 11:00,buy
U0297,I093,2026.3.17 11:00,like
U0231,I034,2026.3.17 13:00,view
U0270,I041,2026.3.17 14:00,view
U0033,I072,2026.3.17 15:00,view
U0177,I087,2026.3.17 16:00,buy
U0228,I079,2026.3.17 17:00,buy
U0184,I012,2026.3.17 18:00,view
U0216,I089,2026.3.17 20:00,view
U0129,I043,2026.3.17 21:00,like
U0097,I100,2026.3.18 2:00,view
U0095,I064,2026.3.18 2:00,buy
U0097,I004,2026.3.18 3:00,like
U0100,I039,2026.3.18 6:00,buy
U0198,I088,2026.3.18 6:00,view
U0278,I039,2026.3.18 9:00,like
U0296,I040,2026.3.18 10:00,like
U0231,I003,2026.3.18 11:00,view
U0076,I093,2026.3.18 12:00,view
U0054,I067,2026.3.18 13:00,like
U0279,I065,2026.3.18 14:00,buy
U0135,I081,2026.3.18 14:00,view
U0087,I043,2026.3.18 14:00,like
U0270,I089,2026.3.18 15:00,like
U0298,I071,2026.3.18 15:00,view
U0055,I069,2026.3.18 17:00,like
U0225,I072,2026.3.18 18:00,view
U0284,I068,2026.3.18 18:00,view
U0100,I041,2026.3.18 20:00,buy
U0108,I035,2026.3.18 21:00,view
U0087,I049,2026.3.18 23:00,view
U0057,I086,2026.3.19 1:00,view
U0016,I021,2026.3.19 1:00,view
U0073,I087,2026.3.19 2:00,buy
U0105,I095,2026.3.19 2:00,view
U0213,I073,2026.3.19 3:00,view
U0270,I080,2026.3.19 4:00,view
U0240,I067,2026.3.19 4:00,view
U0101,I059,2026.3.19 5:00,buy
U0260,I061,2026.3.19 5:00,buy
U0008,I073,2026.3.19 8:00,like
U0236,I049,2026.3.19 9:00,view
U0166,I004,2026.3.19 11:00,view
U0277,I069,2026.3.19 11:00,view
U0248,I067,2026.3.19 11:00,view
U0225,I054,2026.3.19 12:00,like
U0138,I079,2026.3.19 12:00,like
U0082,I070,2026.3.19 14:00,view
U0031,I043,2026.3.19 16:00,view
U0155,I049,2026.3.19 16:00,like
U0012,I061,2026.3.19 16:00,buy
U0067,I008,2026.3.19 18:00,view
U0240,I062,2026.3.19 20:00,like
U0023,I063,2026.3.19 21:00,like
U0024,I086,2026.3.19 23:00,like
U0211,I013,2026.3.20 0:00,like
U0243,I042,2026.3.20 0:00,like
U0295,I003,2026.3.20 1:00,view
U0278,I078,2026.3.20 4:00,view
U0294,I008,2026.3.20 8:00,view
U0069,I087,2026.3.20 9:00,view
U0060,I075,2026.3.20 9:00,view
U0154,I010,2026.3.20 10:00,view
U0285,I071,2026.3.20 10:00,like
U0196,I009,2026.3.20 11:00,like
U0189,I096,2026.3.20 12:00,buy
U0219,I070,2026.3.20 12:00,view
U0224,I058,2026.3.20 12:00,view
U0132,I068,2026.3.20 12:00,like
U0297,I083,2026.3.20 13:00,view
U0048,I096,2026.3.20 14:00,view
U0067,I006,2026.3.20 18:00,view
U0020,I035,2026.3.20 21:00,view
U0249,I080,2026.3.20 21:00,view
U0282,I001,2026.3.20 21:00,view
U0034,I074,2026.3.20 21:00,view
U0236,I071,2026.3.21 2:00,like
U0177,I035,2026.3.21 2:00,like
U0216,I097,2026.3.21 3:00,view
U0174,I019,2026.3.21 3:00,view
U0065,I066,2026.3.21 4:00,view
U0294,I035,2026.3.21 8:00,buy
U0208,I018,2026.3.21 8:00,view
U0087,I027,2026.3.21 8:00,view
U0236,I033,2026.3.21 10:00,view
U0060,I072,2026.3.21 12:00,view
U0169,I003,2026.3.21 12:00,buy
U0139,I071,2026.3.21 13:00,buy
U0100,I011,2026.3.21 13:00,buy
U0201,I083,2026.3.21 15:00,buy
U0232,I077,2026.3.21 17:00,buy
U0239,I046,2026.3.21 18:00,view
U0183,I091,2026.3.21 19:00,like
U0198,I063,2026.3.21 20:00,view
U0239,I069,2026.3.21 21:00,view
U0284,I038,2026.3.21 21:00,view
U0137,I047,2026.3.21 22:00,like
U0199,I027,2026.3.21 23:00,buy
U0284,I070,2026.3.22 1:00,view
U0286,I074,2026.3.22 3:00,buy
U0248,I033,2026.3.22 3:00,buy
U0221,I040,2026.3.22 4:00,view
U0141,I027,2026.3.22 4:00,view
U0239,I001,2026.3.22 4:00,buy
U0294,I015,2026.3.22 5:00,buy
U0154,I069,2026.3.22 6:00,view
U0189,I083,2026.3.22 7:00,view
U0276,I100,2026.3.22 7:00,buy
U0034,I043,2026.3.22 9:00,buy
U0069,I089,2026.3.22 10:00,buy
U0139,I015,2026.3.22 11:00,view
U0203,I075,2026.3.22 11:00,view
U0180,I084,2026.3.22 12:00,view
U0052,I049,2026.3.22 13:00,view
U0260,I032,2026.3.22 13:00,view
U0104,I047,2026.3.22 13:00,like
U0284,I036,2026.3.22 14:00,like
U0127,I001,2026.3.22 14:00,view
U0155,I060,2026.3.22 15:00,like
U0100,I029,2026.3.22 15:00,like
U0248,I036,2026.3.22 16:00,view
U0287,I064,2026.3.22 16:00,buy
U0074,I088,2026.3.22 16:00,view
U0150,I042,2026.3.22 17:00,buy
U0103,I032,2026.3.22 18:00,view
U0133,I069,2026.3.22 20:00,view
U0031,I003,2026.3.22 20:00,view
U0236,I045,2026.3.22 22:00,view
U0019,I003,2026.3.23 0:00,buy
U0295,I006,2026.3.23 1:00,like
U0165,I088,2026.3.23 1:00,view
U0052,I030,2026.3.23 2:00,like
U0030,I076,2026.3.23 4:00,view
U0148,I042,2026.3.23 5:00,view
U0232,I020,2026.3.23 6:00,view
U0203,I072,2026.3.23 6:00,like
U0057,I058,2026.3.23 6:00,view
U0282,I063,2026.3.23 6:00,view
U0146,I033,2026.3.23 7:00,view
U0224,I049,2026.3.23 8:00,like
U0278,I036,2026.3.23 9:00,view
U0035,I042,2026.3.23 9:00,buy
U0252,I068,2026.3.23 9:00,view
U0149,I033,2026.3.23 9:00,view
U0122,I059,2026.3.23 9:00,view
U0104,I051,2026.3.23 10:00,buy
U0030,I032,2026.3.23 11:00,like
U0195,I081,2026.3.23 11:00,buy
U0180,I062,2026.3.23 11:00,buy
U0038,I067,2026.3.23 12:00,view
U0228,I088,2026.3.23 14:00,view
U0119,I046,2026.3.23 14:00,view
U0196,I023,2026.3.23 15:00,view
U0094,I008,2026.3.23 17:00,view
U0143,I019,2026.3.23 17:00,view
U0149,I067,2026.3.23 18:00,view
U0101,I057,2026.3.23 18:00,view
U0063,I079,2026.3.23 18:00,buy
U0171,I088,2026.3.23 19:00,buy
U0164,I073,2026.3.23 20:00,view
U0012,I032,2026.3.23 21:00,buy
U0076,I004,2026.3.23 22:00,view
U0083,I037,2026.3.23 22:00,like
U0048,I098,2026.3.23 23:00,buy
U0139,I017,2026.3.24 0:00,view
U0072,I042,2026.3.24 1:00,buy
U0035,I043,2026.3.24 2:00,like
U0032,I077,2026.3.24 2:00,view
U0117,I086,2026.3.24 6:00,buy
U0182,I057,2026.3.24 7:00,like
U0279,I068,2026.3.24 7:00,buy
U0114,I089,2026.3.24 7:00,view
U0020,I072,2026.3.24 9:00,buy
U0069,I004,2026.3.24 9:00,like
U0128,I047,2026.3.24 9:00,view
U0164,I064,2026.3.24 10:00,buy
U0151,I029,2026.3.24 11:00,view
U0254,I038,2026.3.24 12:00,buy
U0142,I008,2026.3.24 12:00,like
U0094,I042,2026.3.24 12:00,view
U0235,I063,2026.3.24 15:00,view
U0088,I040,2026.3.24 16:00,view
U0117,I071,2026.3.24 17:00,view
U0284,I011,2026.3.24 17:00,view
U0010,I006,2026.3.24 18:00,view
U0286,I086,2026.3.24 18:00,buy
U0254,I042,2026.3.24 18:00,view
U0260,I066,2026.3.24 18:00,buy
U0139,I041,2026.3.24 20:00,view
U0102,I055,2026.3.24 21:00,like
U0213,I072,2026.3.24 23:00,buy
U0119,I003,2026.3.25 0:00,view
U0277,I071,2026.3.25 1:00,view
U0255,I045,2026.3.25 3:00,view
U0125,I094,2026.3.25 4:00,view
U0048,I081,2026.3.25 4:00,view
U0128,I044,2026.3.25 4:00,view
U0122,I045,2026.3.25 6:00,view
U0197,I063,2026.3.25 6:00,view
U0151,I025,2026.3.25 6:00,like
U0150,I085,2026.3.25 8:00,view
U0069,I095,2026.3.25 8:00,like
U0226,I058,2026.3.25 9:00,like
U0165,I089,2026.3.25 9:00,like
U0258,I083,2026.3.25 9:00,view
U0226,I084,2026.3.25 9:00,buy
U0295,I002,2026.3.25 10:00,view
U0094,I023,2026.3.25 10:00,view
U0040,I070,2026.3.25 10:00,view
U0035,I070,2026.3.25 12:00,like
U0048,I006,2026.3.25 13:00,like
U0067,I010,2026.3.25 13:00,view
U0138,I084,2026.3.25 14:00,buy
U0105,I070,2026.3.25 17:00,view
U0010,I009,2026.3.25 17:00,like
U0163,I012,2026.3.25 17:00,view
U0298,I024,2026.3.25 18:00,buy
U0104,I076,2026.3.25 20:00,view
U0230,I041,2026.3.25 20:00,view
U0280,I062,2026.3.25 21:00,like
U0097,I033,2026.3.25 22:00,like
U0046,I005,2026.3.25 22:00,buy
U0119,I076,2026.3.25 23:00,view
U0208,I005,2026.3.26 0:00,like
U0085,I040,2026.3.26 4:00,view
U0169,I004,2026.3.26 5:00,view
U0148,I020,2026.3.26 6:00,view
U0273,I036,2026.3.26 6:00,like
U0117,I081,2026.3.26 6:00,view
U0072,I099,2026.3.26 7:00,view
U0285,I049,2026.3.26 7:00,buy
U0037,I031,2026.3.26 10:00,view
U0294,I098,2026.3.26 10:00,like
U0082,I040,2026.3.26 12:00,like
U0090,I067,2026.3.26 12:00,view
U0183,I082,2026.3.26 13:00,like
U0208,I070,2026.3.26 17:00,view
U0267,I008,2026.3.26 17:00,buy
U0252,I092,2026.3.26 18:00,view
U0044,I094,2026.3.26 20:00,view
U0125,I074,2026.3.26 21:00,view
U0183,I054,2026.3.26 21:00,like
U0004,I020,2026.3.26 21:00,buy
U0073,I016,2026.3.26 21:00,view
U0243,I097,2026.3.26 22:00,view
U0077,I060,2026.3.26 23:00,view
U0199,I040,2026.3.26 23:00,view
U0195,I007,2026.3.27 0:00,like
U0144,I093,2026.3.27 0:00,view
U0002,I060,2026.3.27 1:00,buy
U0260,I055,2026.3.27 1:00,view
U0062,I043,2026.3.27 1:00,like
U0216,I091,2026.3.27 2:00,view
U0204,I084,2026.3.27 2:00,like
U0091,I047,2026.3.27 4:00,view
U0141,I006,2026.3.27 4:00,buy
U0270,I010,2026.3.27 4:00,like
U0100,I090,2026.3.27 5:00,view
U0267,I097,2026.3.27 5:00,view
U0025,I010,2026.3.27 6:00,like
U0030,I093,2026.3.27 6:00,like
U0276,I085,2026.3.27 7:00,view
U0128,I071,2026.3.27 12:00,like
U0243,I041,2026.3.27 12:00,view
U0117,I010,2026.3.27 13:00,view
U0030,I092,2026.3.27 14:00,view
U0100,I067,2026.3.27 14:00,view
U0066,I040,2026.3.27 15:00,like
U0294,I089,2026.3.27 17:00,buy
U0135,I098,2026.3.27 17:00,view
U0090,I085,2026.3.27 18:00,buy
U0073,I047,2026.3.27 19:00,view
U0040,I037,2026.3.27 22:00,view
U0188,I068,2026.3.28 1:00,view
U0010,I030,2026.3.28 1:00,buy
U0133,I014,2026.3.28 3:00,buy
U0228,I097,2026.3.28 4:00,view
U0240,I096,2026.3.28 4:00,view
U0148,I005,2026.3.28 6:00,view
U0056,I050,2026.3.28 7:00,like
U0144,I095,2026.3.28 7:00,view
U0238,I005,2026.3.28 7:00,view
U0143,I034,2026.3.28 9:00,view
U0020,I100,2026.3.28 10:00,view
U0199,I003,2026.3.28 11:00,like
U0287,I050,2026.3.28 12:00,view
U0129,I086,2026.3.28 12:00,view
U0174,I094,2026.3.28 12:00,view
U0125,I042,2026.3.28 14:00,view
U0281,I094,2026.3.28 16:00,view
U0097,I099,2026.3.28 16:00,view
U0226,I047,2026.3.28 19:00,view
U0065,I061,2026.3.28 19:00,view
U0207,I061,2026.3.28 19:00,like
U0019,I070,2026.3.28 19:00,view
U0281,I092,2026.3.28 20:00,view
U0142,I048,2026.3.28 20:00,view
U0129,I080,2026.3.28 21:00,view
U0164,I063,2026.3.28 22:00,like
U0095,I059,2026.3.29 0:00,buy
U0254,I018,2026.3.29 1:00,buy
U0219,I046,2026.3.29 1:00,view
U0300,I072,2026.3.29 2:00,like
U0021,I042,2026.3.29 5:00,view
U0174,I088,2026.3.29 5:00,view
U0255,I064,2026.3.29 5:00,view
U0243,I089,2026.3.29 6:00,buy
U0088,I069,2026.3.29 7:00,view
U0243,I081,2026.3.29 8:00,like
U0263,I043,2026.3.29 10:00,buy
U0118,I019,2026.3.29 11:00,buy
U0055,I013,2026.3.29 11:00,like
U0270,I096,2026.3.29 14:00,like
U0083,I006,2026.3.29 14:00,buy
U0118,I001,2026.3.29 15:00,buy
U0221,I074,2026.3.29 16:00,view
U0010,I042,2026.3.29 16:00,view
U0180,I083,2026.3.29 16:00,view
U0155,I007,2026.3.29 17:00,like
U0014,I057,2026.3.29 19:00,view
U0200,I041,2026.3.29 19:00,buy
U0248,I045,2026.3.29 20:00,like
U0104,I033,2026.3.29 20:00,view
U0273,I067,2026.3.29 21:00,view
U0056,I062,2026.3.29 22:00,view
U0105,I085,2026.3.29 23:00,like
U0097,I010,2026.3.30 0:00,view
U0195,I082,2026.3.30 2:00,like
U0179,I002,2026.3.30 2:00,view
U0010,I070,2026.3.30 2:00,like
U0180,I007,2026.3.30 3:00,buy
U0174,I080,2026.3.30 4:00,view
U0056,I064,2026.3.30 5:00,like
U0148,I013,2026.3.30 7:00,view
U0104,I061,2026.3.30 9:00,view
U0067,I096,2026.3.30 10:00,buy
U0203,I054,2026.3.30 11:00,view
U0282,I067,2026.3.30 12:00,like
U0241,I019,2026.3.30 13:00,view
U0139,I022,2026.3.30 13:00,view
U0132,I098,2026.3.30 13:00,view
U0290,I093,2026.3.30 14:00,buy
U0132,I076,2026.3.30 14:00,view
U0141,I070,2026.3.30 14:00,view
U0135,I051,2026.3.30 15:00,like
U0247,I034,2026.3.30 18:00,view
U0137,I034,2026.3.30 18:00,view
U0295,I029,2026.3.30 20:00,view
U0083,I051,2026.3.30 20:00,view
U0265,I099,2026.3.30 20:00,like
U0077,I065,2026.3.30 21:00,buy
U0051,I087,2026.3.30 21:00,buy
U0027,I094,2026.3.31 0:00,view
U0265,I023,2026.3.31 1:00,view
U0074,I070,2026.3.31 3:00,view
U0183,I053,2026.3.31 6:00,like
U0030,I042,2026.3.31 7:00,like
U0292,I008,2026.3.31 7:00,buy
U0174,I009,2026.3.31 8:00,view
U0276,I032,2026.3.31 12:00,buy
U0144,I090,2026.3.31 12:00,view
U0021,I097,2026.3.31 15:00,view
U0019,I031,2026.3.31 15:00,like
U0051,I096,2026.3.31 16:00,buy
U0097,I042,2026.3.31 17:00,buy
U0254,I033,2026.3.31 20:00,like
U0037,I036,2026.3.31 21:00,buy
U0281,I047,2026.3.31 21:00,view
U0006,I079,2026.3.31 22:00,view
U0010,I008,2026.3.31 23:00,view
U0051,I049,2026.4.1 0:00,buy
U0021,I061,2026.4.1 0:00,like
U0232,I021,2026.4.1 0:00,view
U0180,I042,2026.4.1 2:00,view
U0265,I004,2026.4.1 2:00,buy
U0094,I099,2026.4.1 2:00,buy
U0083,I080,2026.4.1 3:00,view
U0062,I046,2026.4.1 3:00,buy
U0021,I032,2026.4.1 4:00,view
U0069,I081,2026.4.1 5:00,view
U0232,I082,2026.4.1 5:00,view
U0265,I009,2026.4.1 5:00,view
U0062,I007,2026.4.1 6:00,like
U0292,I013,2026.4.1 7:00,buy
U0097,I022,2026.4.1 8:00,view
U0122,I052,2026.4.1 9:00,view
U0263,I063,2026.4.1 10:00,like
U0060,I087,2026.4.1 12:00,view
U0290,I042,2026.4.1 12:00,buy
U0035,I034,2026.4.1 12:00,view
U0233,I043,2026.4.1 13:00,like
U0069,I080,2026.4.1 14:00,view
U0003,I016,2026.4.1 19:00,like
U0103,I082,2026.4.1 19:00,buy
U0278,I016,2026.4.1 19:00,like
U0010,I026,2026.4.1 20:00,like
U0231,I097,2026.4.1 20:00,view
U0283,I037,2026.4.1 21:00,view
U0002,I068,2026.4.1 21:00,buy
U0125,I037,2026.4.1 22:00,view
U0195,I036,2026.4.1 22:00,view
U0082,I065,2026.4.1 23:00,like
U0233,I052,2026.4.1 23:00,view
U0250,I039,2026.4.2 0:00,like
U0233,I067,2026.4.2 0:00,buy
U0213,I095,2026.4.2 1:00,view
U0044,I053,2026.4.2 3:00,view
U0040,I008,2026.4.2 3:00,view
U0126,I079,2026.4.2 4:00,view
U0279,I028,2026.4.2 5:00,view
U0089,I049,2026.4.2 6:00,view
U0199,I019,2026.4.2 6:00,like
U0071,I069,2026.4.2 7:00,view
U0239,I007,2026.4.2 7:00,view
U0250,I014,2026.4.2 7:00,view
U0051,I059,2026.4.2 9:00,view
U0038,I049,2026.4.2 10:00,view
U0278,I094,2026.4.2 12:00,buy
U0031,I005,2026.4.2 12:00,view
U0104,I056,2026.4.2 12:00,view
U0250,I001,2026.4.2 14:00,buy
U0051,I085,2026.4.2 16:00,like
U0033,I088,2026.4.2 16:00,view
U0095,I076,2026.4.2 17:00,view
U0126,I067,2026.4.2 18:00,view
U0021,I068,2026.4.2 18:00,buy
U0284,I054,2026.4.2 21:00,like
U0052,I001,2026.4.2 21:00,buy
U0073,I038,2026.4.2 23:00,view
U0062,I002,2026.4.2 23:00,view
U0118,I043,2026.4.2 23:00,buy
U0236,I039,2026.4.3 3:00,view
U0058,I021,2026.4.3 4:00,view
U0016,I039,2026.4.3 5:00,view
U0241,I032,2026.4.3 6:00,like
U0133,I015,2026.4.3 7:00,view
U0022,I054,2026.4.3 7:00,like
U0270,I038,2026.4.3 8:00,like
U0003,I080,2026.4.3 8:00,view
U0207,I042,2026.4.3 10:00,like
U0084,I095,2026.4.3 11:00,view
U0219,I099,2026.4.3 13:00,like
U0294,I064,2026.4.3 14:00,view
U0095,I006,2026.4.3 15:00,like
U0239,I062,2026.4.3 15:00,view
U0285,I074,2026.4.3 16:00,view
U0297,I075,2026.4.3 17:00,view
U0035,I087,2026.4.3 18:00,buy
U0185,I034,2026.4.3 20:00,buy
U0056,I076,2026.4.3 20:00,buy
U0095,I089,2026.4.3 20:00,buy
U0234,I076,2026.4.3 20:00,buy
U0224,I069,2026.4.3 20:00,view
U0074,I066,2026.4.3 22:00,like
U0040,I023,2026.4.3 23:00,like
U0224,I066,2026.4.3 23:00,buy
U0276,I067,2026.4.4 0:00,view
U0083,I100,2026.4.4 0:00,view
U0043,I011,2026.4.4 0:00,view
U0118,I040,2026.4.4 1:00,view
U0033,I100,2026.4.4 2:00,view
U0196,I039,2026.4.4 2:00,buy
U0171,I071,2026.4.4 3:00,buy
U0150,I096,2026.4.4 3:00,buy
U0058,I020,2026.4.4 3:00,like
U0243,I067,2026.4.4 4:00,view
U0155,I002,2026.4.4 5:00,view
U0134,I070,2026.4.4 5:00,view
U0259,I008,2026.4.4 6:00,buy
U0073,I028,2026.4.4 6:00,buy
U0248,I076,2026.4.4 6:00,view
U0163,I005,2026.4.4 8:00,buy
U0100,I006,2026.4.4 8:00,view
U0045,I041,2026.4.4 9:00,like
U0121,I038,2026.4.4 9:00,buy
U0040,I079,2026.4.4 10:00,like
U0097,I002,2026.4.4 13:00,buy
U0201,I076,2026.4.4 15:00,view
U0004,I021,2026.4.4 15:00,like
U0072,I089,2026.4.4 16:00,buy
U0079,I041,2026.4.4 16:00,view
U0083,I071,2026.4.4 17:00,buy
U0155,I052,2026.4.4 17:00,buy
U0077,I061,2026.4.4 18:00,view
U0097,I014,2026.4.4 18:00,view
U0231,I064,2026.4.4 19:00,view
U0142,I018,2026.4.4 19:00,view
U0089,I064,2026.4.4 19:00,view
U0067,I021,2026.4.4 19:00,view
U0166,I042,2026.4.4 20:00,buy
U0022,I043,2026.4.4 20:00,buy
U0250,I029,2026.4.4 21:00,view
U0250,I031,2026.4.4 22:00,view
U0024,I048,2026.4.5 0:00,view
U0184,I031,2026.4.5 1:00,like
U0278,I032,2026.4.5 2:00,view
U0296,I094,2026.4.5 3:00,like
U0134,I073,2026.4.5 4:00,view
U0028,I003,2026.4.5 4:00,view
U0090,I100,2026.4.5 5:00,buy
U0071,I032,2026.4.5 6:00,view
U0069,I042,2026.4.5 6:00,buy
U0164,I034,2026.4.5 6:00,view
U0297,I086,2026.4.5 7:00,view
U0010,I002,2026.4.5 9:00,like
U0129,I052,2026.4.5 9:00,view
U0035,I071,2026.4.5 9:00,like
U0045,I072,2026.4.5 9:00,like
U0027,I040,2026.4.5 9:00,view
U0247,I003,2026.4.5 11:00,view
U0004,I094,2026.4.5 14:00,view
U0277,I043,2026.4.5 14:00,view
U0198,I080,2026.4.5 14:00,view
U0034,I011,2026.4.5 15:00,like
U0236,I064,2026.4.5 17:00,view
U0141,I067,2026.4.5 19:00,view
U0255,I079,2026.4.5 21:00,like
U0286,I005,2026.4.5 21:00,buy
U0296,I097,2026.4.5 22:00,buy
U0231,I100,2026.4.6 0:00,view
U0124,I002,2026.4.6 2:00,like
U0170,I094,2026.4.6 2:00,view
U0281,I021,2026.4.6 3:00,view
U0212,I075,2026.4.6 3:00,like
U0259,I030,2026.4.6 3:00,view
U0125,I006,2026.4.6 5:00,view
U0216,I068,2026.4.6 6:00,view
U0296,I035,2026.4.6 7:00,like
U0103,I017,2026.4.6 9:00,like
U0139,I042,2026.4.6 9:00,like
U0067,I022,2026.4.6 11:00,buy
U0129,I009,2026.4.6 12:00,view
U0021,I067,2026.4.6 12:00,view
U0139,I029,2026.4.6 13:00,like
U0128,I070,2026.4.6 13:00,view
U0143,I089,2026.4.6 14:00,view
U0076,I010,2026.4.6 14:00,view
U0246,I096,2026.4.6 15:00,buy
U0270,I078,2026.4.6 17:00,view
U0259,I021,2026.4.6 17:00,like
U0101,I066,2026.4.6 18:00,view
U0174,I059,2026.4.6 19:00,view
U0135,I080,2026.4.6 19:00,like
U0247,I002,2026.4.6 19:00,buy
U0246,I047,2026.4.6 19:00,view
U0234,I006,2026.4.6 19:00,buy
U0255,I097,2026.4.6 20:00,like
U0153,I044,2026.4.6 22:00,view
U0297,I030,2026.4.7 0:00,view
U0102,I083,2026.4.7 0:00,view
U0265,I040,2026.4.7 0:00,view
U0098,I073,2026.4.7 2:00,buy
U0231,I073,2026.4.7 2:00,buy
U0002,I043,2026.4.7 3:00,view
U0019,I099,2026.4.7 3:00,buy
U0148,I022,2026.4.7 3:00,view
U0048,I072,2026.4.7 3:00,like
U0038,I033,2026.4.7 3:00,view
U0010,I028,2026.4.7 4:00,view
U0046,I015,2026.4.7 4:00,view
U0224,I074,2026.4.7 6:00,view
U0089,I098,2026.4.7 6:00,view
U0089,I079,2026.4.7 6:00,view
U0279,I030,2026.4.7 7:00,like
U0229,I043,2026.4.7 8:00,view
U0185,I055,2026.4.7 8:00,view
U0286,I071,2026.4.7 10:00,buy
U0082,I041,2026.4.7 12:00,like
U0043,I038,2026.4.7 12:00,view
U0035,I013,2026.4.7 12:00,like
U0164,I044,2026.4.7 13:00,like
U0287,I045,2026.4.7 13:00,view
U0265,I002,2026.4.7 15:00,view
U0297,I007,2026.4.7 16:00,like
U0051,I015,2026.4.7 17:00,view
U0286,I006,2026.4.7 18:00,like
U0195,I042,2026.4.7 19:00,view
U0069,I092,2026.4.7 20:00,view
U0092,I093,2026.4.7 20:00,view
U0144,I077,2026.4.7 20:00,buy
U0091,I040,2026.4.7 22:00,view
U0019,I005,2026.4.7 23:00,buy
U0206,I062,2026.4.7 23:00,view
U0014,I080,2026.4.8 0:00,view
U0126,I088,2026.4.8 1:00,view
U0126,I100,2026.4.8 2:00,like
U0141,I050,2026.4.8 3:00,view
U0224,I048,2026.4.8 3:00,like
U0074,I050,2026.4.8 4:00,buy
U0241,I012,2026.4.8 5:00,like
U0243,I032,2026.4.8 7:00,like
U0247,I074,2026.4.8 8:00,view
U0236,I053,2026.4.8 8:00,view
U0028,I054,2026.4.8 10:00,view
U0146,I042,2026.4.8 10:00,view
U0124,I005,2026.4.8 10:00,view
U0021,I096,2026.4.8 11:00,like
U0292,I057,2026.4.8 14:00,view
U0283,I097,2026.4.8 17:00,buy
U0098,I008,2026.4.8 17:00,like
U0258,I039,2026.4.8 19:00,buy
U0058,I027,2026.4.8 19:00,like
U0248,I038,2026.4.8 21:00,view
U0022,I038,2026.4.8 21:00,buy
U0236,I004,2026.4.8 21:00,buy
U0180,I097,2026.4.8 21:00,view
U0021,I033,2026.4.8 21:00,buy
U0128,I054,2026.4.8 22:00,view
U0077,I047,2026.4.8 23:00,view
U0057,I094,2026.4.8 23:00,view
U0097,I082,2026.4.8 23:00,view
U0139,I004,2026.4.9 0:00,view
U0058,I077,2026.4.9 0:00,like
U0083,I042,2026.4.9 1:00,like
U0108,I076,2026.4.9 2:00,buy
U0146,I071,2026.4.9 2:00,view
U0283,I042,2026.4.9 3:00,view
U0208,I041,2026.4.9 5:00,view
U0085,I035,2026.4.9 5:00,buy
U0120,I030,2026.4.9 7:00,view
U0280,I071,2026.4.9 7:00,view
U0267,I061,2026.4.9 8:00,like
U0174,I042,2026.4.9 8:00,like
U0241,I024,2026.4.9 9:00,view
U0174,I026,2026.4.9 10:00,like
U0041,I058,2026.4.9 12:00,view
U0236,I002,2026.4.9 13:00,like
U0027,I072,2026.4.9 14:00,like
U0278,I074,2026.4.9 14:00,view
U0108,I085,2026.4.9 14:00,buy
U0239,I065,2026.4.9 14:00,view
U0120,I083,2026.4.9 15:00,buy
U0148,I082,2026.4.9 16:00,buy
U0127,I010,2026.4.9 17:00,like
U0108,I092,2026.4.9 17:00,buy
U0114,I075,2026.4.9 18:00,view
U0240,I019,2026.4.9 21:00,view
U0091,I027,2026.4.9 21:00,view
U0180,I004,2026.4.9 23:00,view
U0075,I042,2026.4.10 1:00,view
U0259,I002,2026.4.10 1:00,view
U0087,I013,2026.4.10 2:00,buy
U0258,I058,2026.4.10 3:00,like
U0156,I042,2026.4.10 4:00,like
U0212,I026,2026.4.10 4:00,buy
U0207,I060,2026.4.10 4:00,like
U0066,I096,2026.4.10 5:00,view
U0265,I037,2026.4.10 6:00,like
U0065,I070,2026.4.10 7:00,like
U0149,I050,2026.4.10 7:00,view
U0143,I078,2026.4.10 7:00,like
U0019,I040,2026.4.10 8:00,like
U0219,I033,2026.4.10 11:00,view
U0133,I043,2026.4.10 13:00,like
U0025,I042,2026.4.10 13:00,view
U0156,I099,2026.4.10 13:00,view
U0276,I041,2026.4.10 15:00,view
U0030,I041,2026.4.10 15:00,view
U0114,I033,2026.4.10 15:00,buy
U0027,I042,2026.4.10 15:00,like
U0164,I045,2026.4.10 17:00,like
U0097,I035,2026.4.10 18:00,buy
U0037,I027,2026.4.10 18:00,like
U0255,I099,2026.4.10 18:00,view
U0293,I040,2026.4.10 18:00,view
U0143,I049,2026.4.10 20:00,like
U0122,I018,2026.4.10 21:00,view
U0120,I081,2026.4.10 21:00,buy
U0071,I037,2026.4.10 22:00,like
U0279,I007,2026.4.10 23:00,like
U0177,I079,2026.4.11 0:00,buy
U0285,I081,2026.4.11 1:00,like
U0245,I002,2026.4.11 1:00,view
U0019,I055,2026.4.11 2:00,view
U0024,I089,2026.4.11 2:00,view
U0098,I041,2026.4.11 3:00,buy
U0293,I076,2026.4.11 4:00,view
U0225,I082,2026.4.11 4:00,view
U0054,I068,2026.4.11 4:00,like
U0125,I047,2026.4.11 5:00,view
U0010,I047,2026.4.11 6:00,like
U0248,I017,2026.4.11 6:00,buy
U0035,I045,2026.4.11 6:00,view
U0250,I009,2026.4.11 6:00,buy
U0195,I004,2026.4.11 7:00,buy
U0069,I097,2026.4.11 7:00,view
U0057,I035,2026.4.11 9:00,buy
U0256,I040,2026.4.11 10:00,view
U0206,I051,2026.4.11 10:00,view
U0182,I032,2026.4.11 11:00,view
U0277,I021,2026.4.11 12:00,view
U0087,I096,2026.4.11 13:00,like
U0042,I098,2026.4.11 13:00,view
U0016,I040,2026.4.11 14:00,view
U0290,I050,2026.4.11 15:00,like
U0177,I074,2026.4.11 16:00,view
U0058,I008,2026.4.11 17:00,view
U0083,I069,2026.4.11 17:00,view
U0087,I079,2026.4.11 17:00,view
U0245,I050,2026.4.11 18:00,view
U0239,I098,2026.4.11 18:00,like
U0249,I010,2026.4.11 19:00,like
U0043,I026,2026.4.11 19:00,view
U0295,I019,2026.4.11 19:00,buy
U0231,I092,2026.4.11 20:00,buy
U0148,I004,2026.4.11 20:00,like
U0062,I045,2026.4.11 21:00,view
U0139,I021,2026.4.11 22:00,view
U0118,I003,2026.4.11 22:00,like
U0052,I071,2026.4.11 23:00,like
U0030,I080,2026.4.12 0:00,view
U0240,I040,2026.4.12 0:00,buy
U0283,I010,2026.4.12 1:00,view
U0265,I028,2026.4.12 1:00,buy
U0189,I053,2026.4.12 1:00,view
U0222,I060,2026.4.12 2:00,buy
U0273,I069,2026.4.12 2:00,view
U0125,I056,2026.4.12 2:00,view
U0141,I056,2026.4.12 4:00,view
U0085,I018,2026.4.12 4:00,like
U0035,I064,2026.4.12 4:00,view
U0259,I077,2026.4.12 5:00,view
U0286,I067,2026.4.12 5:00,view
U0189,I100,2026.4.12 5:00,view
U0108,I055,2026.4.12 7:00,view
U0139,I031,2026.4.12 9:00,view
U0265,I058,2026.4.12 10:00,like
U0166,I037,2026.4.12 11:00,buy
U0108,I084,2026.4.12 11:00,view
U0169,I009,2026.4.12 11:00,view
U0051,I055,2026.4.12 14:00,like
U0282,I079,2026.4.12 14:00,view
U0283,I021,2026.4.12 22:00,buy
U0189,I088,2026.4.12 23:00,view
U0067,I023,2026.4.12 23:00,like
U0057,I070,2026.4.12 23:00,view
U0092,I060,2026.4.13 0:00,like
U0063,I071,2026.4.13 0:00,like
U0293,I036,2026.4.13 1:00,view
U0283,I039,2026.4.13 2:00,like
U0030,I059,2026.4.13 2:00,buy
U0212,I078,2026.4.13 2:00,like
U0073,I074,2026.4.13 2:00,view
U0183,I081,2026.4.13 3:00,view
U0046,I040,2026.4.13 3:00,buy
U0259,I066,2026.4.13 3:00,buy
U0104,I065,2026.4.13 5:00,view
U0068,I073,2026.4.13 5:00,view
U0118,I005,2026.4.13 6:00,buy
U0054,I083,2026.4.13 9:00,view
U0104,I032,2026.4.13 9:00,view
U0252,I083,2026.4.13 10:00,view
U0283,I077,2026.4.13 10:00,view
U0069,I020,2026.4.13 12:00,buy
U0233,I071,2026.4.13 12:00,like
U0006,I084,2026.4.13 12:00,view
U0030,I082,2026.4.13 13:00,view
U0130,I008,2026.4.13 13:00,view
U0259,I039,2026.4.13 14:00,like
U0114,I086,2026.4.13 14:00,like
U0277,I023,2026.4.13 16:00,view
U0134,I019,2026.4.13 17:00,buy
U0134,I064,2026.4.13 17:00,view
U0095,I004,2026.4.13 19:00,like
U0236,I042,2026.4.13 21:00,like
U0041,I042,2026.4.13 22:00,buy
U0241,I042,2026.4.13 23:00,buy
U0276,I077,2026.4.13 23:00,buy
U0265,I036,2026.4.14 1:00,view
U0041,I040,2026.4.14 1:00,view
U0239,I043,2026.4.14 2:00,like
U0073,I015,2026.4.14 2:00,view
U0236,I070,2026.4.14 2:00,view
U0251,I010,2026.4.14 4:00,view
U0174,I035,2026.4.14 5:00,view
U0083,I066,2026.4.14 6:00,view
U0024,I090,2026.4.14 7:00,view
U0142,I073,2026.4.14 7:00,like
U0248,I078,2026.4.14 9:00,like
U0003,I088,2026.4.14 10:00,view
U0056,I045,2026.4.14 10:00,view
U0083,I053,2026.4.14 10:00,view
U0060,I037,2026.4.14 11:00,like
U0166,I006,2026.4.14 12:00,view
U0027,I079,2026.4.14 12:00,view
U0059,I031,2026.4.14 15:00,like
U0102,I093,2026.4.14 16:00,like
U0153,I010,2026.4.14 16:00,buy
U0108,I043,2026.4.14 17:00,like
U0098,I080,2026.4.14 20:00,view
U0021,I085,2026.4.14 20:00,buy
U0189,I042,2026.4.14 20:00,view
U0163,I026,2026.4.14 21:00,like
U0267,I063,2026.4.14 23:00,view
U0054,I080,2026.4.14 23:00,like
U0208,I043,2026.4.15 0:00,view
U0076,I001,2026.4.15 0:00,view
U0277,I072,2026.4.15 0:00,like
U0169,I008,2026.4.15 1:00,buy
U0172,I014,2026.4.15 1:00,view
U0027,I095,2026.4.15 1:00,view
U0041,I062,2026.4.15 2:00,buy
U0040,I006,2026.4.15 5:00,like
U0059,I036,2026.4.15 7:00,view
U0030,I019,2026.4.15 7:00,view
U0077,I069,2026.4.15 9:00,view
U0238,I043,2026.4.15 9:00,like
U0230,I002,2026.4.15 10:00,like
U0229,I082,2026.4.15 10:00,like
U0028,I010,2026.4.15 10:00,view
U0030,I060,2026.4.15 10:00,view
U0010,I055,2026.4.15 10:00,like
U0014,I099,2026.4.15 11:00,like
U0222,I012,2026.4.15 12:00,view
U0156,I093,2026.4.15 13:00,view
U0270,I075,2026.4.15 14:00,like
U0035,I067,2026.4.15 15:00,view
U0273,I041,2026.4.15 16:00,like
U0180,I087,2026.4.15 17:00,buy
U0221,I005,2026.4.15 17:00,view
U0174,I096,2026.4.15 17:00,view
U0067,I044,2026.4.15 18:00,like
U0286,I040,2026.4.15 18:00,like
U0028,I034,2026.4.15 21:00,view
U0282,I099,2026.4.15 22:00,like
U0117,I096,2026.4.15 22:00,view
U0077,I095,2026.4.15 23:00,view
U0069,I015,2026.4.15 23:00,like
U0286,I039,2026.4.15 23:00,like
U0169,I033,2026.4.16 0:00,view
U0097,I021,2026.4.16 1:00,buy
U0082,I043,2026.4.16 1:00,view
U0154,I099,2026.4.16 1:00,view
U0262,I019,2026.4.16 2:00,like
U0058,I014,2026.4.16 2:00,view
U0006,I068,2026.4.16 5:00,view
U0124,I075,2026.4.16 5:00,view
U0156,I083,2026.4.16 7:00,buy
U0294,I073,2026.4.16 8:00,view
U0260,I001,2026.4.16 9:00,like
U0146,I050,2026.4.16 10:00,buy
U0209,I027,2026.4.16 10:00,view
U0293,I070,2026.4.16 10:00,view
U0018,I061,2026.4.16 11:00,like
U0068,I041,2026.4.16 12:00,view
U0153,I041,2026.4.16 13:00,view
U0035,I037,2026.4.16 13:00,view
U0240,I042,2026.4.16 13:00,view
U0260,I094,2026.4.16 15:00,view
U0093,I028,2026.4.16 20:00,view
U0223,I081,2026.4.16 21:00,view
U0299,I052,2026.4.16 22:00,like
U0027,I004,2026.4.16 23:00,view
U0059,I004,2026.4.17 0:00,view
U0230,I064,2026.4.17 1:00,view
U0248,I082,2026.4.17 1:00,view
U0056,I008,2026.4.17 2:00,view
U0181,I015,2026.4.17 3:00,buy
U0189,I076,2026.4.17 4:00,view
U0046,I070,2026.4.17 4:00,view
U0213,I067,2026.4.17 4:00,view
U0062,I078,2026.4.17 6:00,view
U0126,I084,2026.4.17 7:00,buy
U0003,I054,2026.4.17 7:00,like
U0177,I089,2026.4.17 8:00,like
U0021,I091,2026.4.17 8:00,like
U0251,I062,2026.4.17 9:00,buy
U0209,I005,2026.4.17 13:00,like
U0259,I047,2026.4.17 14:00,like
U0135,I079,2026.4.17 14:00,view
U0250,I002,2026.4.17 14:00,view
U0124,I034,2026.4.17 15:00,like
U0134,I032,2026.4.17 15:00,like
U0211,I006,2026.4.17 16:00,view
U0263,I057,2026.4.17 18:00,like
U0035,I036,2026.4.17 19:00,buy
U0156,I082,2026.4.17 20:00,view
U0209,I058,2026.4.17 20:00,view
U0117,I042,2026.4.17 20:00,view
U0033,I068,2026.4.17 20:00,view
U0104,I068,2026.4.17 21:00,like
U0002,I024,2026.4.17 22:00,view
U0133,I006,2026.4.17 23:00,view
U0123,I088,2026.4.18 0:00,buy
U0071,I073,2026.4.18 0:00,view
U0156,I087,2026.4.18 1:00,buy
U0061,I013,2026.4.18 1:00,view
U0014,I083,2026.4.18 2:00,view
U0281,I051,2026.4.18 4:00,view
U0284,I033,2026.4.18 4:00,like
U0125,I099,2026.4.18 5:00,view
U0230,I066,2026.4.18 5:00,view
U0135,I038,2026.4.18 7:00,view
U0232,I001,2026.4.18 7:00,view
U0041,I017,2026.4.18 8:00,view
U0074,I016,2026.4.18 9:00,buy
U0175,I031,2026.4.18 13:00,view
U0148,I024,2026.4.18 14:00,view
U0293,I033,2026.4.18 15:00,view
U0238,I014,2026.4.18 15:00,view
U0288,I075,2026.4.18 17:00,view
U0008,I062,2026.4.18 18:00,view
U0114,I087,2026.4.18 18:00,view
U0221,I017,2026.4.18 18:00,view
U0204,I001,2026.4.18 20:00,like
U0008,I071,2026.4.18 23:00,view
U0058,I028,2026.4.18 23:00,like
U0068,I036,2026.4.18 23:00,view
U0166,I035,2026.4.19 0:00,buy
U0226,I070,2026.4.19 0:00,view
U0273,I003,2026.4.19 0:00,view
U0184,I070,2026.4.19 0:00,view
U0259,I003,2026.4.19 2:00,view
U0248,I042,2026.4.19 2:00,view
U0174,I095,2026.4.19 2:00,view
U0259,I026,2026.4.19 3:00,view
U0058,I081,2026.4.19 4:00,view
U0164,I016,2026.4.19 4:00,buy
U0214,I004,2026.4.19 5:00,view
U0263,I068,2026.4.19 5:00,view
U0062,I044,2026.4.19 6:00,like
U0129,I011,2026.4.19 7:00,view
U0198,I006,2026.4.19 7:00,view
U0273,I086,2026.4.19 12:00,buy
U0146,I055,2026.4.19 12:00,buy
U0054,I041,2026.4.19 13:00,view
U0054,I032,2026.4.19 14:00,view
U0231,I091,2026.4.19 14:00,view
U0278,I038,2026.4.19 15:00,view
U0209,I071,2026.4.19 15:00,view
U0072,I086,2026.4.19 15:00,view
U0041,I063,2026.4.19 17:00,view
U0059,I070,2026.4.19 17:00,view
U0251,I047,2026.4.19 18:00,buy
U0073,I042,2026.4.19 19:00,buy
U0259,I011,2026.4.19 20:00,buy
U0029,I059,2026.4.19 20:00,view
U0010,I017,2026.4.19 21:00,like
U0164,I014,2026.4.19 23:00,view
U0038,I027,2026.4.19 23:00,buy
U0151,I022,2026.4.20 2:00,view
U0188,I042,2026.4.20 3:00,like
U0095,I043,2026.4.20 4:00,buy
U0062,I068,2026.4.20 4:00,view
U0077,I080,2026.4.20 5:00,view
U0113,I046,2026.4.20 6:00,like
U0059,I077,2026.4.20 7:00,view
U0142,I069,2026.4.20 10:00,buy
U0137,I073,2026.4.20 12:00,view
U0224,I040,2026.4.20 13:00,like
U0199,I030,2026.4.20 13:00,view
U0087,I040,2026.4.20 13:00,like
U0062,I080,2026.4.20 15:00,view
U0010,I001,2026.4.20 15:00,like
U0165,I012,2026.4.20 16:00,view
U0103,I022,2026.4.20 16:00,like
U0034,I070,2026.4.20 17:00,like
U0294,I057,2026.4.20 17:00,like
U0208,I017,2026.4.20 18:00,like
U0233,I057,2026.4.20 18:00,view
U0296,I032,2026.4.20 19:00,view
U0035,I088,2026.4.20 19:00,buy
U0148,I021,2026.4.20 20:00,buy
U0288,I094,2026.4.20 23:00,buy
U0181,I034,2026.4.20 23:00,like
U0119,I070,2026.4.21 0:00,view
U0170,I073,2026.4.21 1:00,buy
U0066,I072,2026.4.21 2:00,buy
U0010,I007,2026.4.21 2:00,like
U0004,I018,2026.4.21 3:00,buy
U0087,I072,2026.4.21 4:00,view
U0061,I039,2026.4.21 4:00,view
U0137,I064,2026.4.21 4:00,view
U0034,I094,2026.4.21 5:00,view
U0212,I045,2026.4.21 6:00,like
U0060,I010,2026.4.21 7:00,buy
U0062,I056,2026.4.21 8:00,buy
U0051,I081,2026.4.21 8:00,like
U0094,I018,2026.4.21 9:00,buy
U0014,I045,2026.4.21 9:00,view
U0087,I066,2026.4.21 9:00,like
U0048,I091,2026.4.21 10:00,view
U0061,I004,2026.4.21 10:00,view
U0073,I031,2026.4.21 11:00,view
U0265,I010,2026.4.21 11:00,like
U0169,I098,2026.4.21 12:00,view
U0017,I094,2026.4.21 13:00,buy
U0082,I099,2026.4.21 13:00,buy
U0195,I053,2026.4.21 15:00,view
U0296,I059,2026.4.21 17:00,buy
U0072,I071,2026.4.21 17:00,view
U0059,I026,2026.4.21 18:00,view
U0082,I042,2026.4.21 18:00,view
U0126,I049,2026.4.21 18:00,view
U0083,I032,2026.4.21 18:00,view
U0093,I002,2026.4.21 19:00,like
U0150,I076,2026.4.21 19:00,view
U0235,I040,2026.4.21 20:00,like
U0294,I009,2026.4.21 21:00,like
U0006,I043,2026.4.21 21:00,view
U0299,I061,2026.4.21 22:00,view
U0282,I090,2026.4.21 22:00,buy
U0113,I055,2026.4.21 22:00,like
U0185,I015,2026.4.21 23:00,like
U0246,I037,2026.4.21 23:00,buy
U0247,I040,2026.4.21 23:00,view
U0260,I080,2026.4.22 0:00,view
U0267,I080,2026.4.22 0:00,view
U0022,I090,2026.4.22 2:00,view
U0087,I095,2026.4.22 3:00,view
U0293,I042,2026.4.22 4:00,like
U0199,I025,2026.4.22 5:00,view
U0224,I068,2026.4.22 5:00,view
U0048,I053,2026.4.22 6:00,like
U0089,I072,2026.4.22 6:00,view
U0059,I019,2026.4.22 6:00,like
U0281,I056,2026.4.22 8:00,view
U0240,I038,2026.4.22 8:00,view
U0098,I032,2026.4.22 9:00,view
U0038,I072,2026.4.22 9:00,like
U0259,I060,2026.4.22 11:00,buy
U0004,I009,2026.4.22 11:00,view
U0284,I019,2026.4.22 11:00,view
U0027,I066,2026.4.22 14:00,view
U0001,I074,2026.4.22 15:00,buy
U0223,I018,2026.4.22 16:00,like
U0173,I036,2026.4.22 17:00,view
U0027,I086,2026.4.22 18:00,view
U0072,I039,2026.4.22 19:00,view
U0288,I097,2026.4.22 19:00,view
U0124,I011,2026.4.22 20:00,view
U0248,I070,2026.4.22 22:00,view
U0083,I061,2026.4.22 22:00,view
U0061,I099,2026.4.23 0:00,buy
U0034,I016,2026.4.23 0:00,like
U0012,I080,2026.4.23 0:00,view
U0174,I049,2026.4.23 1:00,like
U0033,I097,2026.4.23 1:00,like
U0025,I070,2026.4.23 1:00,view
U0163,I037,2026.4.23 2:00,view
U0286,I064,2026.4.23 2:00,view
U0236,I048,2026.4.23 2:00,view
U0103,I099,2026.4.23 2:00,buy
U0066,I062,2026.4.23 2:00,like
U0020,I048,2026.4.23 3:00,view
U0001,I030,2026.4.23 3:00,buy
U0083,I047,2026.4.23 4:00,buy
U0139,I012,2026.4.23 4:00,buy
U0002,I034,2026.4.23 5:00,view
U0118,I041,2026.4.23 7:00,buy
U0074,I007,2026.4.23 7:00,like
U0059,I067,2026.4.23 7:00,buy
U0243,I098,2026.4.23 9:00,view
U0094,I054,2026.4.23 11:00,like
U0294,I012,2026.4.23 11:00,buy
U0220,I042,2026.4.23 11:00,view
U0199,I020,2026.4.23 11:00,view
U0113,I067,2026.4.23 12:00,view
U0037,I067,2026.4.23 12:00,buy
U0252,I020,2026.4.23 13:00,view
U0105,I083,2026.4.23 15:00,buy
U0051,I088,2026.4.23 16:00,view
U0224,I064,2026.4.23 16:00,view
U0098,I024,2026.4.23 17:00,buy
U0060,I025,2026.4.23 17:00,view
U0148,I078,2026.4.23 17:00,buy
U0133,I009,2026.4.23 18:00,buy
U0056,I058,2026.4.23 18:00,view
U0101,I002,2026.4.23 18:00,like
U0171,I086,2026.4.23 20:00,view
U0185,I007,2026.4.23 20:00,buy
U0228,I076,2026.4.23 21:00,view
U0130,I042,2026.4.23 21:00,view
U0173,I070,2026.4.23 21:00,view
U0010,I027,2026.4.23 23:00,view
U0250,I012,2026.4.23 23:00,buy
U0288,I042,2026.4.24 0:00,view
U0260,I010,2026.4.24 0:00,like
U0073,I007,2026.4.24 1:00,like
U0118,I092,2026.4.24 1:00,view
U0296,I065,2026.4.24 1:00,view
U0101,I098,2026.4.24 1:00,like
U0102,I088,2026.4.24 2:00,buy
U0199,I070,2026.4.24 2:00,view
U0250,I008,2026.4.24 2:00,like
U0103,I019,2026.4.24 2:00,view
U0083,I039,2026.4.24 3:00,buy
U0288,I085,2026.4.24 4:00,like
U0268,I012,2026.4.24 4:00,view
U0176,I041,2026.4.24 4:00,buy
U0027,I091,2026.4.24 5:00,buy
U0247,I060,2026.4.24 7:00,view
U0012,I057,2026.4.24 7:00,view
U0070,I022,2026.4.24 7:00,buy
U0133,I067,2026.4.24 8:00,view
U0195,I009,2026.4.24 9:00,like
U0042,I073,2026.4.24 10:00,like
U0054,I025,2026.4.24 10:00,view
U0196,I071,2026.4.24 10:00,like
U0195,I038,2026.4.24 11:00,view
U0051,I080,2026.4.24 11:00,buy
U0041,I033,2026.4.24 11:00,view
U0093,I004,2026.4.24 12:00,view
U0172,I001,2026.4.24 13:00,like
U0037,I074,2026.4.24 13:00,view
U0062,I063,2026.4.24 13:00,like
U0142,I017,2026.4.24 14:00,buy
U0259,I014,2026.4.24 14:00,view
U0164,I042,2026.4.24 14:00,like
U0236,I036,2026.4.24 15:00,like
U0028,I093,2026.4.24 16:00,buy
U0133,I023,2026.4.24 18:00,view
U0293,I053,2026.4.24 18:00,buy
U0265,I020,2026.4.24 21:00,view
U0082,I054,2026.4.24 21:00,view
U0029,I050,2026.4.24 21:00,like
U0095,I045,2026.4.24 22:00,view
U0148,I084,2026.4.24 23:00,buy
U0071,I056,2026.4.25 0:00,view
U0169,I038,2026.4.25 1:00,view
U0069,I054,2026.4.25 2:00,like
U0148,I038,2026.4.25 2:00,like
U0284,I037,2026.4.25 2:00,buy
U0298,I086,2026.4.25 2:00,buy
U0062,I050,2026.4.25 3:00,like
U0177,I060,2026.4.25 5:00,like
U0156,I084,2026.4.25 6:00,like
U0234,I082,2026.4.25 6:00,view
U0277,I031,2026.4.25 6:00,like
U0054,I056,2026.4.25 7:00,like
U0225,I004,2026.4.25 9:00,view
U0100,I071,2026.4.25 9:00,like
U0041,I071,2026.4.25 10:00,view
U0167,I042,2026.4.25 10:00,view
U0193,I040,2026.4.25 10:00,buy
U0177,I023,2026.4.25 11:00,buy
U0203,I016,2026.4.25 11:00,like
U0068,I076,2026.4.25 12:00,view
U0118,I099,2026.4.25 13:00,like
U0139,I018,2026.4.25 14:00,view
U0100,I026,2026.4.25 15:00,view
U0134,I013,2026.4.25 15:00,like
U0199,I001,2026.4.25 15:00,view
U0172,I022,2026.4.25 16:00,view
U0230,I067,2026.4.25 16:00,like
U0047,I004,2026.4.25 17:00,buy
U0061,I018,2026.4.25 17:00,view
U0036,I070,2026.4.25 17:00,view
U0073,I017,2026.4.25 18:00,view
U0123,I038,2026.4.25 19:00,view
U0222,I096,2026.4.25 19:00,like
U0068,I042,2026.4.25 19:00,like
U0059,I039,2026.4.25 19:00,buy
U0021,I094,2026.4.25 20:00,like
U0182,I068,2026.4.25 20:00,view
U0194,I098,2026.4.25 23:00,buy
U0243,I084,2026.4.25 23:00,view
U0062,I074,2026.4.26 2:00,view
U0120,I042,2026.4.26 2:00,view
U0138,I008,2026.4.26 5:00,view
U0285,I089,2026.4.26 6:00,buy
U0101,I046,2026.4.26 7:00,view
U0288,I091,2026.4.26 7:00,view
U0087,I090,2026.4.26 10:00,view
U0076,I012,2026.4.26 10:00,buy
U0181,I008,2026.4.26 15:00,like
U0232,I024,2026.4.26 17:00,view
U0248,I049,2026.4.26 17:00,view
U0299,I048,2026.4.26 17:00,view
U0172,I067,2026.4.26 18:00,view
U0075,I084,2026.4.26 20:00,like
U0040,I090,2026.4.26 21:00,view
U0164,I071,2026.4.26 21:00,buy
U0223,I064,2026.4.27 0:00,buy
U0151,I083,2026.4.27 0:00,view
U0002,I054,2026.4.27 0:00,view
U0299,I047,2026.4.27 1:00,buy
U0239,I042,2026.4.27 1:00,like
U0083,I065,2026.4.27 2:00,view
U0059,I049,2026.4.27 3:00,like
U0004,I043,2026.4.27 3:00,like
U0164,I092,2026.4.27 4:00,view
U0260,I060,2026.4.27 5:00,view
U0087,I092,2026.4.27 5:00,buy
U0067,I020,2026.4.27 5:00,view
U0270,I088,2026.4.27 7:00,view
U0148,I032,2026.4.27 8:00,like
U0294,I085,2026.4.27 9:00,like
U0166,I021,2026.4.27 10:00,like
U0043,I005,2026.4.27 14:00,view
U0252,I043,2026.4.27 15:00,view
U0285,I061,2026.4.27 15:00,view
U0048,I055,2026.4.27 15:00,like
U0061,I014,2026.4.27 16:00,view
U0001,I016,2026.4.27 17:00,like
U0260,I070,2026.4.27 18:00,view
U0231,I052,2026.4.27 19:00,buy
U0300,I097,2026.4.27 21:00,view
U0071,I039,2026.4.27 21:00,view
U0020,I030,2026.4.27 22:00,like
U0075,I100,2026.4.27 23:00,view
U0286,I043,2026.4.27 23:00,view
U0197,I060,2026.4.27 23:00,like
U0094,I031,2026.4.28 1:00,like
U0298,I019,2026.4.28 3:00,view
U0134,I042,2026.4.28 4:00,like
U0296,I073,2026.4.28 4:00,buy
U0034,I007,2026.4.28 5:00,view
U0267,I087,2026.4.28 5:00,view
U0017,I051,2026.4.28 5:00,view
U0118,I021,2026.4.28 5:00,like
U0062,I042,2026.4.28 6:00,view
U0069,I093,2026.4.28 7:00,view
U0248,I043,2026.4.28 7:00,view
U0030,I043,2026.4.28 7:00,view
U0216,I096,2026.4.28 7:00,buy
U0061,I008,2026.4.28 9:00,like
U0030,I083,2026.4.28 9:00,like
U0032,I071,2026.4.28 10:00,view
U0278,I073,2026.4.28 10:00,buy
U0183,I042,2026.4.28 10:00,view
U0113,I099,2026.4.28 11:00,view
U0170,I048,2026.4.28 12:00,like
U0067,I029,2026.4.28 12:00,view
U0173,I019,2026.4.28 14:00,view
U0214,I012,2026.4.28 14:00,like
U0134,I038,2026.4.28 15:00,view
U0231,I087,2026.4.28 16:00,buy
U0048,I066,2026.4.28 16:00,view
U0224,I043,2026.4.28 17:00,buy
U0268,I032,2026.4.28 17:00,view
U0013,I002,2026.4.28 17:00,buy
U0282,I085,2026.4.28 18:00,view
U0119,I097,2026.4.28 19:00,view
U0173,I054,2026.4.28 19:00,view
U0003,I019,2026.4.28 20:00,view
U0090,I038,2026.4.28 21:00,view
U0245,I081,2026.4.28 22:00,view
U0187,I002,2026.4.28 23:00,like
U0113,I070,2026.4.29 0:00,buy
U0199,I009,2026.4.29 0:00,view
U0167,I070,2026.4.29 2:00,view
U0016,I027,2026.4.29 2:00,view
U0058,I016,2026.4.29 2:00,view
U0150,I015,2026.4.29 3:00,view
U0021,I050,2026.4.29 3:00,like
U0208,I001,2026.4.29 3:00,buy
U0125,I073,2026.4.29 4:00,view
U0143,I003,2026.4.29 4:00,view
U0206,I046,2026.4.29 4:00,view
U0151,I003,2026.4.29 5:00,view
U0068,I049,2026.4.29 5:00,buy
U0045,I081,2026.4.29 5:00,view
U0115,I089,2026.4.29 7:00,view
U0142,I044,2026.4.29 7:00,buy
U0219,I093,2026.4.29 8:00,view
U0069,I094,2026.4.29 8:00,like
U0243,I085,2026.4.29 8:00,view
U0067,I017,2026.4.29 9:00,view
U0155,I021,2026.4.29 10:00,view
U0070,I085,2026.4.29 11:00,like
U0018,I083,2026.4.29 11:00,view
U0116,I056,2026.4.29 16:00,view
U0212,I076,2026.4.29 16:00,like
U0164,I036,2026.4.29 16:00,like
U0070,I012,2026.4.29 16:00,view
U0231,I042,2026.4.29 17:00,view
U0132,I022,2026.4.29 17:00,buy
U0288,I067,2026.4.29 19:00,buy
U0218,I068,2026.4.29 19:00,view
U0085,I093,2026.4.29 20:00,view
U0224,I067,2026.4.29 20:00,like
U0129,I091,2026.4.29 22:00,view
U0120,I053,2026.4.30 1:00,buy
U0194,I049,2026.4.30 1:00,view
U0123,I035,2026.4.30 1:00,buy
U0240,I068,2026.4.30 2:00,like
U0169,I094,2026.4.30 3:00,view
U0128,I018,2026.4.30 4:00,like
U0239,I026,2026.4.30 4:00,buy
U0295,I030,2026.4.30 4:00,like
U0073,I006,2026.4.30 4:00,view
U0025,I046,2026.4.30 5:00,view
U0190,I080,2026.4.30 5:00,like
U0013,I013,2026.4.30 5:00,like
U0247,I042,2026.4.30 6:00,view
U0035,I040,2026.4.30 7:00,view
U0194,I042,2026.4.30 7:00,view
U0119,I090,2026.4.30 7:00,view
U0020,I012,2026.4.30 9:00,view
U0293,I096,2026.4.30 9:00,like
U0239,I055,2026.4.30 9:00,buy
U0091,I016,2026.4.30 10:00,view
U0214,I002,2026.4.30 12:00,view
U0028,I075,2026.4.30 12:00,view
U0139,I064,2026.4.30 14:00,view
U0116,I050,2026.4.30 14:00,view
U0173,I064,2026.4.30 15:00,buy
U0115,I060,2026.4.30 15:00,buy
U0157,I023,2026.4.30 15:00,view
U0003,I073,2026.4.30 15:00,buy
U0027,I075,2026.4.30 15:00,view
U0138,I042,2026.4.30 16:00,buy
U0110,I066,2026.4.30 16:00,buy
U0247,I004,2026.4.30 16:00,view
U0201,I007,2026.4.30 17:00,view
U0125,I034,2026.4.30 17:00,view
U0148,I040,2026.4.30 17:00,buy
U0190,I012,2026.4.30 19:00,buy
U0124,I038,2026.4.30 20:00,buy
U0116,I053,2026.4.30 20:00,view
U0259,I087,2026.4.30 22:00,view
U0049,I003,2026.5.1 0:00,buy
U0084,I073,2026.5.1 0:00,view
U0183,I072,2026.5.1 1:00,buy
U0065,I038,2026.5.1 1:00,buy
U0061,I009,2026.5.1 3:00,like
U0226,I002,2026.5.1 3:00,buy
U0280,I041,2026.5.1 3:00,view
U0211,I099,2026.5.1 4:00,view
U0093,I054,2026.5.1 4:00,like
U0172,I039,2026.5.1 5:00,buy
U0181,I041,2026.5.1 5:00,view
U0208,I042,2026.5.1 6:00,buy
U0292,I041,2026.5.1 8:00,view
U0171,I083,2026.5.1 8:00,view
U0137,I061,2026.5.1 11:00,view
U0116,I010,2026.5.1 12:00,like
U0262,I043,2026.5.1 12:00,view
U0027,I092,2026.5.1 13:00,view
U0077,I094,2026.5.1 13:00,view
U0181,I050,2026.5.1 14:00,view
U0149,I065,2026.5.1 16:00,buy
U0087,I082,2026.5.1 16:00,view
U0017,I032,2026.5.1 17:00,view
U0212,I014,2026.5.1 19:00,buy
U0056,I070,2026.5.1 19:00,buy
U0238,I028,2026.5.1 19:00,view
U0058,I019,2026.5.1 20:00,like
U0115,I012,2026.5.1 20:00,buy
U0218,I040,2026.5.1 21:00,like
U0183,I014,2026.5.1 21:00,view
U0093,I082,2026.5.1 23:00,buy
U0031,I025,2026.5.2 0:00,buy
U0208,I023,2026.5.2 2:00,view
U0236,I041,2026.5.2 3:00,view
U0182,I066,2026.5.2 4:00,like
U0094,I009,2026.5.2 5:00,like
U0223,I062,2026.5.2 6:00,buy
U0068,I067,2026.5.2 6:00,like
U0115,I041,2026.5.2 7:00,like
U0172,I031,2026.5.2 7:00,view
U0298,I013,2026.5.2 7:00,like
U0292,I004,2026.5.2 9:00,view
U0098,I058,2026.5.2 9:00,like
U0038,I064,2026.5.2 9:00,buy
U0251,I057,2026.5.2 9:00,view
U0030,I070,2026.5.2 9:00,buy
U0288,I048,2026.5.2 11:00,view
U0172,I004,2026.5.2 12:00,view
U0268,I021,2026.5.2 14:00,buy
U0019,I020,2026.5.2 17:00,view
U0250,I022,2026.5.2 17:00,view
U0130,I099,2026.5.2 18:00,view
U0250,I067,2026.5.2 18:00,like
U0173,I035,2026.5.2 19:00,view
U0108,I081,2026.5.2 19:00,like
U0110,I033,2026.5.2 20:00,buy
U0155,I068,2026.5.2 21:00,view
U0083,I073,2026.5.2 21:00,view
U0103,I025,2026.5.2 21:00,view
U0218,I077,2026.5.2 23:00,view
U0166,I016,2026.5.2 23:00,view
U0194,I007,2026.5.3 0:00,buy
U0156,I043,2026.5.3 0:00,view
U0263,I092,2026.5.3 0:00,view
U0110,I057,2026.5.3 2:00,view
U0031,I013,2026.5.3 2:00,like
U0222,I087,2026.5.3 3:00,view
U0279,I067,2026.5.3 3:00,view
U0134,I034,2026.5.3 3:00,like
U0146,I003,2026.5.3 3:00,view
U0097,I020,2026.5.3 4:00,view
U0082,I009,2026.5.3 4:00,view
U0118,I009,2026.5.3 5:00,like
U0134,I077,2026.5.3 7:00,view
U0297,I085,2026.5.3 7:00,view
U0163,I074,2026.5.3 7:00,view
U0117,I035,2026.5.3 9:00,like
U0028,I004,2026.5.3 11:00,like
U0298,I043,2026.5.3 12:00,buy
U0014,I047,2026.5.3 13:00,buy
U0295,I087,2026.5.3 13:00,view
U0208,I006,2026.5.3 13:00,view
U0033,I091,2026.5.3 14:00,buy
U0103,I041,2026.5.3 14:00,view
U0002,I055,2026.5.3 14:00,like
U0229,I098,2026.5.3 15:00,like
U0049,I009,2026.5.3 15:00,view
U0247,I087,2026.5.3 16:00,like
U0207,I087,2026.5.3 17:00,view
U0149,I048,2026.5.3 17:00,view
U0171,I073,2026.5.3 17:00,like
U0258,I019,2026.5.3 18:00,view
U0285,I070,2026.5.3 20:00,buy
U0276,I080,2026.5.3 21:00,view
U0020,I009,2026.5.3 22:00,view
U0042,I087,2026.5.3 22:00,view
U0075,I030,2026.5.3 23:00,view
U0173,I093,2026.5.3 23:00,view
U0022,I042,2026.5.4 1:00,buy
U0144,I042,2026.5.4 3:00,view
U0163,I069,2026.5.4 3:00,like
U0110,I073,2026.5.4 6:00,buy
U0265,I003,2026.5.4 6:00,view
U0008,I024,2026.5.4 6:00,view
U0114,I095,2026.5.4 7:00,buy
U0022,I009,2026.5.4 7:00,view
U0232,I064,2026.5.4 7:00,buy
U0033,I096,2026.5.4 8:00,buy
U0089,I077,2026.5.4 9:00,like
U0156,I091,2026.5.4 9:00,buy
U0110,I025,2026.5.4 10:00,like
U0130,I024,2026.5.4 10:00,view
U0146,I062,2026.5.4 10:00,view
U0148,I025,2026.5.4 11:00,view
U0013,I006,2026.5.4 12:00,like
U0123,I003,2026.5.4 13:00,like
U0276,I043,2026.5.4 15:00,like
U0220,I008,2026.5.4 16:00,view
U0190,I046,2026.5.4 16:00,view
U0001,I042,2026.5.4 17:00,view
U0056,I082,2026.5.4 17:00,like
U0273,I032,2026.5.4 18:00,view
U0224,I033,2026.5.4 18:00,like
U0199,I002,2026.5.4 19:00,view
U0040,I043,2026.5.4 19:00,buy
U0189,I030,2026.5.4 19:00,view
U0194,I067,2026.5.4 19:00,view
U0250,I096,2026.5.4 21:00,like
U0068,I068,2026.5.4 22:00,view
U0040,I027,2026.5.4 22:00,buy
U0214,I010,2026.5.4 22:00,like
U0238,I024,2026.5.4 22:00,view
U0085,I070,2026.5.4 23:00,view
U0179,I048,2026.5.4 23:00,like
U0065,I003,2026.5.4 23:00,like
U0240,I052,2026.5.4 23:00,view
U0041,I048,2026.5.5 0:00,view
U0062,I066,2026.5.5 0:00,view
U0251,I069,2026.5.5 3:00,view
U0232,I025,2026.5.5 5:00,view
U0199,I087,2026.5.5 5:00,view
U0193,I016,2026.5.5 5:00,view
U0219,I012,2026.5.5 6:00,like
U0296,I064,2026.5.5 6:00,view
U0130,I097,2026.5.5 6:00,view
U0284,I041,2026.5.5 6:00,buy
U0113,I052,2026.5.5 10:00,view
U0056,I077,2026.5.5 11:00,view
U0051,I019,2026.5.5 11:00,view
U0087,I088,2026.5.5 13:00,buy
U0249,I007,2026.5.5 14:00,view
U0003,I075,2026.5.5 14:00,view
U0189,I015,2026.5.5 16:00,buy
U0146,I097,2026.5.5 17:00,view
U0218,I070,2026.5.5 17:00,view
U0260,I075,2026.5.5 18:00,view
U0170,I004,2026.5.5 19:00,buy
U0176,I055,2026.5.5 19:00,view
U0139,I008,2026.5.5 19:00,view
U0177,I099,2026.5.5 20:00,buy
U0298,I017,2026.5.5 20:00,buy
U0247,I027,2026.5.5 21:00,like
U0218,I036,2026.5.5 22:00,like
U0059,I042,2026.5.5 23:00,view
U0013,I099,2026.5.5 23:00,view
U0115,I018,2026.5.6 1:00,view
U0059,I045,2026.5.6 1:00,view
U0195,I066,2026.5.6 1:00,view
U0040,I002,2026.5.6 2:00,buy
U0092,I063,2026.5.6 3:00,like
U0231,I081,2026.5.6 4:00,view
U0118,I093,2026.5.6 5:00,view
U0061,I042,2026.5.6 5:00,buy
U0183,I075,2026.5.6 5:00,like
U0281,I071,2026.5.6 5:00,like
U0181,I003,2026.5.6 6:00,like
U0002,I078,2026.5.6 6:00,buy
U0066,I089,2026.5.6 6:00,like
U0116,I058,2026.5.6 6:00,buy
U0194,I040,2026.5.6 9:00,buy
U0070,I039,2026.5.6 9:00,buy
U0222,I049,2026.5.6 11:00,buy
U0218,I067,2026.5.6 12:00,view
U0180,I099,2026.5.6 12:00,view
U0153,I062,2026.5.6 12:00,buy
U0171,I057,2026.5.6 14:00,view
U0258,I097,2026.5.6 15:00,like
U0093,I087,2026.5.6 18:00,buy
U0104,I001,2026.5.6 18:00,view
U0150,I077,2026.5.6 19:00,like
U0003,I084,2026.5.6 21:00,like
U0148,I097,2026.5.6 21:00,view
U0293,I029,2026.5.6 21:00,view
U0247,I047,2026.5.6 22:00,view
U0265,I096,2026.5.6 22:00,like
U0115,I008,2026.5.6 22:00,view
U0170,I047,2026.5.7 1:00,view
U0206,I005,2026.5.7 1:00,view
U0228,I070,2026.5.7 2:00,view
U0193,I088,2026.5.7 2:00,buy
U0166,I040,2026.5.7 2:00,like
U0292,I027,2026.5.7 3:00,like
U0241,I037,2026.5.7 4:00,view
U0073,I019,2026.5.7 6:00,view
U0181,I067,2026.5.7 9:00,view
U0115,I099,2026.5.7 9:00,view
U0017,I047,2026.5.7 10:00,view
U0267,I072,2026.5.7 11:00,like
U0055,I004,2026.5.7 11:00,view
U0115,I038,2026.5.7 12:00,view
U0017,I038,2026.5.7 14:00,like
U0062,I015,2026.5.7 15:00,view
U0276,I089,2026.5.7 16:00,view
U0195,I091,2026.5.7 16:00,view
U0207,I083,2026.5.7 16:00,view
U0027,I044,2026.5.7 16:00,view
U0025,I040,2026.5.7 17:00,view
U0203,I005,2026.5.7 17:00,view
U0062,I077,2026.5.7 18:00,view
U0102,I094,2026.5.7 19:00,like
U0101,I007,2026.5.7 19:00,view
U0258,I095,2026.5.7 20:00,like
U0040,I034,2026.5.7 20:00,like
U0118,I012,2026.5.7 21:00,buy
U0248,I018,2026.5.7 21:00,like
U0118,I042,2026.5.7 22:00,view
U0062,I072,2026.5.7 23:00,view
U0247,I007,2026.5.8 0:00,buy
U0017,I095,2026.5.8 1:00,like
U0259,I001,2026.5.8 1:00,view
U0124,I009,2026.5.8 1:00,view
U0058,I074,2026.5.8 1:00,like
U0194,I063,2026.5.8 1:00,like
U0141,I088,2026.5.8 2:00,like
U0072,I093,2026.5.8 3:00,view
U0027,I054,2026.5.8 3:00,view
U0061,I011,2026.5.8 4:00,like
U0010,I004,2026.5.8 5:00,view
U0101,I091,2026.5.8 6:00,view
U0298,I021,2026.5.8 6:00,view
U0227,I062,2026.5.8 7:00,like
U0092,I072,2026.5.8 7:00,view
U0042,I092,2026.5.8 7:00,view
U0034,I071,2026.5.8 9:00,like
U0181,I059,2026.5.8 10:00,view
U0278,I067,2026.5.8 10:00,view
U0224,I044,2026.5.8 11:00,like
U0083,I067,2026.5.8 11:00,view
U0022,I008,2026.5.8 12:00,view
U0150,I087,2026.5.8 12:00,view
U0037,I029,2026.5.8 12:00,buy
U0190,I005,2026.5.8 12:00,view
U0021,I092,2026.5.8 12:00,like
U0270,I083,2026.5.8 13:00,view
U0146,I084,2026.5.8 13:00,buy
U0247,I030,2026.5.8 14:00,view
U0116,I061,2026.5.8 14:00,view
U0070,I047,2026.5.8 15:00,like
U0180,I081,2026.5.8 15:00,view
U0172,I090,2026.5.8 15:00,like
U0195,I092,2026.5.8 15:00,like
U0206,I039,2026.5.8 16:00,buy
U0299,I073,2026.5.8 17:00,view
U0195,I010,2026.5.8 17:00,view
U0240,I041,2026.5.8 18:00,view
U0024,I004,2026.5.8 19:00,like
U0243,I082,2026.5.8 19:00,like
U0134,I060,2026.5.8 19:00,view
U0184,I015,2026.5.8 19:00,buy
U0153,I033,2026.5.8 19:00,like
U0197,I047,2026.5.8 20:00,view
U0070,I071,2026.5.8 22:00,view
U0089,I044,2026.5.8 23:00,view
U0073,I088,2026.5.8 23:00,view
U0153,I084,2026.5.8 23:00,buy
U0281,I074,2026.5.9 0:00,buy
U0259,I074,2026.5.9 0:00,view
U0120,I040,2026.5.9 0:00,view
U0028,I043,2026.5.9 1:00,buy
U0128,I048,2026.5.9 2:00,view
U0059,I100,2026.5.9 3:00,view
U0189,I092,2026.5.9 3:00,like
U0112,I022,2026.5.9 3:00,like
U0279,I039,2026.5.9 4:00,view
U0001,I022,2026.5.9 5:00,buy
U0190,I017,2026.5.9 6:00,like
U0110,I069,2026.5.9 7:00,buy
U0188,I013,2026.5.9 7:00,view
U0283,I005,2026.5.9 8:00,view
U0034,I090,2026.5.9 8:00,buy
U0027,I081,2026.5.9 10:00,view
U0252,I015,2026.5.9 11:00,buy
U0008,I002,2026.5.9 11:00,view
U0035,I053,2026.5.9 12:00,view
U0189,I049,2026.5.9 12:00,view
U0290,I026,2026.5.9 15:00,view
U0003,I093,2026.5.9 15:00,like
U0068,I064,2026.5.9 15:00,view
U0112,I040,2026.5.9 17:00,view
U0299,I043,2026.5.9 17:00,like
U0209,I063,2026.5.9 17:00,like
U0059,I020,2026.5.9 19:00,view
U0216,I032,2026.5.9 19:00,view
U0058,I017,2026.5.9 19:00,view
U0030,I087,2026.5.9 19:00,view
U0118,I096,2026.5.9 20:00,buy
U0236,I075,2026.5.9 20:00,view
U0223,I003,2026.5.9 21:00,buy
U0288,I061,2026.5.9 21:00,view
U0204,I049,2026.5.9 22:00,view
U0208,I003,2026.5.9 22:00,like
U0154,I015,2026.5.9 23:00,like
U0062,I052,2026.5.9 23:00,buy
U0115,I007,2026.5.10 0:00,like
U0156,I073,2026.5.10 1:00,view
U0227,I059,2026.5.10 2:00,like
U0032,I054,2026.5.10 2:00,view
U0112,I017,2026.5.10 3:00,view
U0177,I019,2026.5.10 3:00,like
U0189,I060,2026.5.10 4:00,view
U0156,I080,2026.5.10 4:00,like
U0187,I003,2026.5.10 4:00,view
U0122,I004,2026.5.10 5:00,view
U0070,I042,2026.5.10 5:00,like
U0005,I019,2026.5.10 5:00,like
U0259,I016,2026.5.10 6:00,buy
U0110,I043,2026.5.10 8:00,view
U0142,I042,2026.5.10 8:00,view
U0010,I016,2026.5.10 9:00,like
U0258,I091,2026.5.10 10:00,view
U0054,I096,2026.5.10 10:00,view
U0030,I088,2026.5.10 11:00,buy
U0189,I061,2026.5.10 11:00,view
U0016,I034,2026.5.10 15:00,view
U0248,I019,2026.5.10 15:00,view
U0010,I087,2026.5.10 15:00,view
U0236,I057,2026.5.10 15:00,buy
U0027,I080,2026.5.10 16:00,view
U0173,I067,2026.5.10 16:00,like
U0112,I048,2026.5.10 16:00,like
U0056,I044,2026.5.10 17:00,like
U0254,I045,2026.5.10 17:00,like
U0142,I038,2026.5.10 17:00,buy
U0255,I068,2026.5.10 18:00,buy
U0218,I033,2026.5.10 18:00,view
U0101,I040,2026.5.10 19:00,buy
U0017,I080,2026.5.10 19:00,like
U0142,I007,2026.5.10 19:00,view
U0072,I062,2026.5.10 20:00,view
U0200,I043,2026.5.10 21:00,view
U0221,I047,2026.5.10 22:00,like
U0092,I062,2026.5.10 22:00,view
U0225,I095,2026.5.10 23:00,buy
U0110,I047,2026.5.10 23:00,view
U0068,I070,2026.5.10 23:00,buy
U0144,I004,2026.5.11 0:00,buy
U0147,I089,2026.5.11 1:00,like
U0213,I085,2026.5.11 2:00,buy
U0291,I062,2026.5.11 3:00,view
U0225,I032,2026.5.11 3:00,like
U0115,I043,2026.5.11 4:00,like
U0115,I017,2026.5.11 5:00,buy
U0059,I060,2026.5.11 7:00,like
U0230,I050,2026.5.11 9:00,like
U0083,I063,2026.5.11 10:00,like
U0248,I068,2026.5.11 10:00,view
U0004,I041,2026.5.11 11:00,view
U0130,I004,2026.5.11 11:00,view
U0116,I038,2026.5.11 12:00,view
U0291,I054,2026.5.11 13:00,buy
U0035,I077,2026.5.11 14:00,view
U0068,I020,2026.5.11 14:00,view
U0181,I042,2026.5.11 14:00,like
U0277,I013,2026.5.11 15:00,like
U0017,I011,2026.5.11 16:00,view
U0021,I073,2026.5.11 16:00,view
U0145,I027,2026.5.11 18:00,buy
U0070,I011,2026.5.11 19:00,buy
U0275,I092,2026.5.11 19:00,buy
U0052,I034,2026.5.11 19:00,view
U0199,I042,2026.5.11 22:00,buy
U0019,I013,2026.5.11 23:00,view
U0268,I067,2026.5.12 1:00,view
U0123,I067,2026.5.12 1:00,view
U0250,I042,2026.5.12 2:00,like
U0291,I076,2026.5.12 2:00,like
U0045,I037,2026.5.12 2:00,buy
U0293,I077,2026.5.12 4:00,view
U0061,I043,2026.5.12 4:00,buy
U0068,I033,2026.5.12 5:00,view
U0150,I088,2026.5.12 5:00,view
U0260,I082,2026.5.12 5:00,buy
U0049,I096,2026.5.12 5:00,view
U0039,I088,2026.5.12 6:00,view
U0190,I094,2026.5.12 6:00,like
U0102,I075,2026.5.12 10:00,like
U0276,I064,2026.5.12 10:00,view
U0198,I051,2026.5.12 10:00,view
U0112,I071,2026.5.12 11:00,view
U0121,I041,2026.5.12 11:00,buy
U0232,I035,2026.5.12 12:00,view
U0085,I021,2026.5.12 12:00,view
U0112,I011,2026.5.12 12:00,like
U0070,I014,2026.5.12 12:00,like
U0180,I096,2026.5.12 13:00,buy
U0155,I062,2026.5.12 13:00,view
U0259,I015,2026.5.12 14:00,buy
U0104,I071,2026.5.12 14:00,like
U0116,I064,2026.5.12 15:00,view
U0052,I031,2026.5.12 15:00,view
U0180,I077,2026.5.12 15:00,view
U0092,I025,2026.5.12 16:00,view
U0149,I053,2026.5.12 16:00,view
U0114,I022,2026.5.12 17:00,like
U0287,I072,2026.5.12 17:00,view
U0277,I038,2026.5.12 17:00,view
U0216,I085,2026.5.12 17:00,buy
U0285,I055,2026.5.12 17:00,view
U0250,I082,2026.5.12 17:00,view
U0194,I002,2026.5.12 18:00,view
U0041,I066,2026.5.12 18:00,buy
U0068,I022,2026.5.12 19:00,like
U0181,I037,2026.5.12 19:00,like
U0213,I052,2026.5.12 20:00,like
U0171,I049,2026.5.12 21:00,like
U0178,I094,2026.5.12 21:00,view
U0296,I051,2026.5.12 22:00,like
U0177,I055,2026.5.12 22:00,buy
U0125,I069,2026.5.12 23:00,view
U0227,I007,2026.5.13 0:00,view
U0010,I011,2026.5.13 0:00,like
U0188,I066,2026.5.13 0:00,view
U0156,I086,2026.5.13 2:00,view
U0049,I042,2026.5.13 2:00,buy
U0036,I004,2026.5.13 3:00,buy
U0010,I064,2026.5.13 4:00,view
U0041,I061,2026.5.13 4:00,view
U0156,I062,2026.5.13 5:00,buy
U0222,I075,2026.5.13 5:00,buy
U0119,I067,2026.5.13 5:00,view
U0194,I080,2026.5.13 5:00,buy
U0189,I091,2026.5.13 5:00,view
U0022,I003,2026.5.13 7:00,buy
U0195,I074,2026.5.13 9:00,like
U0041,I044,2026.5.13 9:00,like
U0193,I011,2026.5.13 10:00,view
U0260,I074,2026.5.13 11:00,view
U0118,I018,2026.5.13 11:00,view
U0224,I062,2026.5.13 12:00,like
U0216,I088,2026.5.13 13:00,view
U0034,I073,2026.5.13 13:00,like
U0294,I092,2026.5.13 15:00,buy
U0240,I072,2026.5.13 15:00,view
U0224,I042,2026.5.13 16:00,like
U0196,I094,2026.5.13 16:00,view
U0139,I001,2026.5.13 16:00,like
U0017,I069,2026.5.13 16:00,view
U0181,I029,2026.5.13 17:00,buy
U0297,I097,2026.5.13 21:00,like
U0104,I097,2026.5.13 21:00,view
U0114,I042,2026.5.13 21:00,like
U0130,I005,2026.5.13 23:00,like
U0209,I048,2026.5.13 23:00,view
U0110,I071,2026.5.14 0:00,view
U0231,I067,2026.5.14 0:00,view
U0058,I087,2026.5.14 0:00,like
U0265,I018,2026.5.14 1:00,view
U0120,I019,2026.5.14 2:00,like
U0057,I091,2026.5.14 4:00,view
U0084,I052,2026.5.14 5:00,buy
U0182,I060,2026.5.14 7:00,view
U0110,I036,2026.5.14 7:00,buy
U0169,I069,2026.5.14 8:00,like
U0134,I035,2026.5.14 8:00,view
U0017,I054,2026.5.14 8:00,view
U0194,I004,2026.5.14 8:00,view
U0003,I082,2026.5.14 9:00,view
U0292,I019,2026.5.14 10:00,view
U0278,I047,2026.5.14 11:00,buy
U0059,I066,2026.5.14 11:00,view
U0227,I058,2026.5.14 12:00,view
U0130,I082,2026.5.14 12:00,view
U0077,I053,2026.5.14 13:00,view
U0151,I092,2026.5.14 13:00,view
U0259,I062,2026.5.14 14:00,buy
U0254,I003,2026.5.14 15:00,like
U0162,I064,2026.5.14 16:00,like
U0128,I035,2026.5.14 16:00,view
U0077,I038,2026.5.14 17:00,view
U0044,I065,2026.5.14 17:00,view
U0115,I013,2026.5.14 17:00,view
U0247,I017,2026.5.14 17:00,like
U0113,I043,2026.5.14 18:00,like
U0014,I020,2026.5.14 18:00,like
U0257,I046,2026.5.14 19:00,buy
U0146,I045,2026.5.14 19:00,like
U0155,I051,2026.5.14 21:00,buy
U0224,I002,2026.5.14 21:00,like
U0270,I084,2026.5.14 22:00,like
U0032,I064,2026.5.14 22:00,view
U0221,I070,2026.5.14 23:00,view
U0234,I021,2026.5.14 23:00,buy
U0294,I080,2026.5.15 0:00,buy
U0031,I016,2026.5.15 0:00,view
U0178,I003,2026.5.15 0:00,buy
U0048,I003,2026.5.15 1:00,like
U0061,I040,2026.5.15 4:00,view
U0238,I002,2026.5.15 6:00,view
U0199,I083,2026.5.15 6:00,view
U0246,I002,2026.5.15 6:00,view
U0163,I088,2026.5.15 7:00,view
U0156,I081,2026.5.15 7:00,view
U0181,I007,2026.5.15 7:00,buy
U0098,I062,2026.5.15 9:00,like
U0134,I078,2026.5.15 9:00,buy
U0070,I015,2026.5.15 10:00,like
U0010,I052,2026.5.15 11:00,view
U0027,I033,2026.5.15 11:00,view
U0115,I035,2026.5.15 12:00,buy
U0028,I037,2026.5.15 13:00,like
U0263,I033,2026.5.15 14:00,view
U0100,I004,2026.5.15 15:00,view
U0231,I085,2026.5.15 15:00,view
U0016,I018,2026.5.15 15:00,view
U0250,I077,2026.5.15 15:00,like
U0058,I036,2026.5.15 15:00,view
U0224,I003,2026.5.15 16:00,view
U0037,I073,2026.5.15 16:00,view
U0069,I086,2026.5.15 17:00,buy
U0275,I019,2026.5.15 17:00,view
U0051,I003,2026.5.15 17:00,view
U0145,I042,2026.5.15 18:00,like
U0194,I055,2026.5.15 18:00,view
U0170,I053,2026.5.15 18:00,view
U0190,I038,2026.5.15 19:00,view
U0284,I064,2026.5.15 20:00,like
U0024,I096,2026.5.15 22:00,view
U0036,I084,2026.5.15 22:00,view
U0296,I053,2026.5.15 22:00,like
U0116,I080,2026.5.15 23:00,view
U0027,I084,2026.5.15 23:00,view
U0176,I094,2026.5.16 2:00,buy
U0175,I033,2026.5.16 2:00,like
U0075,I087,2026.5.16 5:00,view
U0181,I017,2026.5.16 5:00,view
U0181,I039,2026.5.16 6:00,view
U0275,I045,2026.5.16 6:00,view
U0119,I060,2026.5.16 7:00,view
U0144,I075,2026.5.16 7:00,like
U0169,I041,2026.5.16 7:00,view
U0225,I083,2026.5.16 7:00,buy
U0187,I025,2026.5.16 8:00,view
U0265,I079,2026.5.16 9:00,view
U0190,I029,2026.5.16 9:00,like
U0126,I036,2026.5.16 10:00,view
U0181,I005,2026.5.16 10:00,view
U0145,I017,2026.5.16 10:00,view
U0183,I096,2026.5.16 13:00,view
U0259,I075,2026.5.16 13:00,view
U0008,I061,2026.5.16 14:00,view
U0221,I038,2026.5.16 14:00,view
U0257,I073,2026.5.16 15:00,buy
U0002,I076,2026.5.16 15:00,view
U0188,I057,2026.5.16 16:00,view
U0102,I053,2026.5.16 16:00,view
U0039,I081,2026.5.16 16:00,view
U0172,I016,2026.5.16 17:00,view
U0041,I055,2026.5.16 17:00,view
U0021,I090,2026.5.16 18:00,like
U0283,I003,2026.5.16 19:00,view
U0251,I053,2026.5.16 19:00,like
U0114,I096,2026.5.16 20:00,view
U0282,I038,2026.5.16 22:00,buy
U0199,I013,2026.5.16 22:00,view
U0229,I070,2026.5.16 23:00,view
U0069,I012,2026.5.17 0:00,view
U0291,I087,2026.5.17 1:00,view
U0112,I021,2026.5.17 1:00,view
U0216,I044,2026.5.17 2:00,view
U0226,I026,2026.5.17 2:00,view
U0222,I042,2026.5.17 3:00,view
U0280,I094,2026.5.17 3:00,view
U0184,I001,2026.5.17 4:00,view
U0115,I009,2026.5.17 4:00,view
U0051,I086,2026.5.17 6:00,like
U0182,I071,2026.5.17 7:00,buy
U0054,I072,2026.5.17 7:00,buy
U0004,I039,2026.5.17 8:00,buy
U0275,I060,2026.5.17 9:00,buy
U0115,I077,2026.5.17 9:00,view
U0163,I017,2026.5.17 10:00,like
U0195,I098,2026.5.17 10:00,like
U0065,I019,2026.5.17 12:00,view
U0147,I100,2026.5.17 12:00,view
U0239,I067,2026.5.17 13:00,like
U0145,I016,2026.5.17 13:00,view
U0134,I056,2026.5.17 13:00,like
U0151,I030,2026.5.17 14:00,view
U0087,I100,2026.5.17 15:00,view
U0032,I062,2026.5.17 15:00,view
U0231,I032,2026.5.17 16:00,view
U0073,I027,2026.5.17 17:00,view
U0143,I076,2026.5.17 18:00,buy
U0255,I081,2026.5.17 19:00,view
U0153,I098,2026.5.17 19:00,like
U0005,I042,2026.5.17 20:00,view
U0014,I032,2026.5.18 0:00,buy
U0106,I006,2026.5.18 2:00,like
U0177,I059,2026.5.18 2:00,view
U0173,I049,2026.5.18 4:00,view
U0277,I073,2026.5.18 5:00,view
U0249,I006,2026.5.18 8:00,view
U0263,I045,2026.5.18 8:00,like
U0035,I057,2026.5.18 10:00,view
U0143,I067,2026.5.18 10:00,like
U0104,I072,2026.5.18 10:00,view
U0226,I008,2026.5.18 10:00,like
U0209,I034,2026.5.18 10:00,view
U0173,I040,2026.5.18 11:00,view
U0002,I046,2026.5.18 12:00,buy
U0228,I098,2026.5.18 13:00,buy
U0083,I024,2026.5.18 15:00,view
U0181,I013,2026.5.18 16:00,view
U0156,I070,2026.5.18 17:00,view
U0031,I004,2026.5.18 18:00,view
U0257,I052,2026.5.18 19:00,view
U0020,I045,2026.5.18 19:00,view
U0191,I048,2026.5.18 19:00,buy
U0182,I059,2026.5.18 20:00,view
U0069,I019,2026.5.18 20:00,view
U0227,I052,2026.5.18 20:00,like
U0283,I012,2026.5.18 21:00,view
U0259,I025,2026.5.18 21:00,view
U0101,I060,2026.5.18 22:00,like
U0255,I090,2026.5.18 22:00,view
U0094,I032,2026.5.19 0:00,view
U0062,I039,2026.5.19 0:00,view
U0257,I072,2026.5.19 1:00,buy
U0122,I046,2026.5.19 1:00,like
U0138,I035,2026.5.19 2:00,view
U0299,I049,2026.5.19 3:00,view
U0173,I062,2026.5.19 3:00,view
U0083,I035,2026.5.19 4:00,buy
U0036,I040,2026.5.19 5:00,like
U0147,I042,2026.5.19 5:00,like
U0016,I003,2026.5.19 5:00,like
U0191,I044,2026.5.19 8:00,buy
U0275,I097,2026.5.19 8:00,view
U0147,I093,2026.5.19 9:00,buy
U0010,I040,2026.5.19 11:00,view
U0084,I030,2026.5.19 11:00,view
U0265,I042,2026.5.19 11:00,buy
U0153,I095,2026.5.19 12:00,like
U0236,I091,2026.5.19 13:00,view
U0293,I067,2026.5.19 13:00,view
U0112,I006,2026.5.19 13:00,view
U0115,I036,2026.5.19 14:00,view
U0110,I044,2026.5.19 16:00,like
U0056,I043,2026.5.19 16:00,view
U0051,I095,2026.5.19 16:00,view
U0134,I072,2026.5.19 16:00,like
U0003,I041,2026.5.19 16:00,like
U0172,I029,2026.5.19 17:00,view
U0104,I073,2026.5.19 18:00,view
U0049,I008,2026.5.19 19:00,buy
U0292,I085,2026.5.19 19:00,buy
U0103,I038,2026.5.19 21:00,view
U0147,I035,2026.5.19 21:00,view
U0214,I044,2026.5.19 22:00,view
U0072,I074,2026.5.19 22:00,view
U0067,I028,2026.5.19 23:00,buy
U0222,I037,2026.5.20 0:00,buy
U0040,I071,2026.5.20 1:00,view
U0004,I003,2026.5.20 2:00,like
U0065,I037,2026.5.20 2:00,buy
U0227,I054,2026.5.20 5:00,view
U0167,I047,2026.5.20 6:00,view
U0153,I035,2026.5.20 6:00,buy
U0191,I059,2026.5.20 7:00,view
U0080,I056,2026.5.20 8:00,view
U0238,I019,2026.5.20 9:00,like
U0034,I063,2026.5.20 12:00,view
U0018,I090,2026.5.20 14:00,view
U0178,I083,2026.5.20 14:00,like
U0149,I036,2026.5.20 15:00,buy
U0088,I020,2026.5.20 16:00,like
U0100,I100,2026.5.20 16:00,view
U0106,I062,2026.5.20 17:00,buy
U0103,I039,2026.5.20 19:00,view
U0283,I011,2026.5.20 19:00,like
U0252,I059,2026.5.20 20:00,buy
U0286,I007,2026.5.20 20:00,view
U0016,I017,2026.5.20 20:00,view
U0137,I040,2026.5.20 20:00,buy
U0270,I023,2026.5.20 21:00,view
U0197,I043,2026.5.20 23:00,like
U0073,I026,2026.5.21 0:00,like
U0282,I031,2026.5.21 0:00,buy
U0281,I020,2026.5.21 1:00,buy
U0119,I049,2026.5.21 1:00,view
U0236,I019,2026.5.21 1:00,view
U0268,I041,2026.5.21 2:00,like
U0097,I006,2026.5.21 2:00,view
U0291,I081,2026.5.21 3:00,view
U0189,I045,2026.5.21 4:00,view
U0278,I069,2026.5.21 4:00,like
U0156,I007,2026.5.21 6:00,view
U0139,I040,2026.5.21 6:00,like
U0151,I041,2026.5.21 7:00,view
U0070,I031,2026.5.21 7:00,view
U0150,I075,2026.5.21 8:00,view
U0177,I040,2026.5.21 8:00,view
U0194,I034,2026.5.21 9:00,view
U0083,I060,2026.5.21 13:00,view
U0019,I028,2026.5.21 14:00,view
U0216,I093,2026.5.21 15:00,view
U0056,I033,2026.5.21 15:00,view
U0056,I067,2026.5.21 15:00,view
U0219,I089,2026.5.21 15:00,view
U0083,I072,2026.5.21 15:00,like
U0216,I041,2026.5.21 16:00,view
U0263,I011,2026.5.21 17:00,view
U0237,I012,2026.5.21 17:00,like
U0020,I075,2026.5.21 18:00,like
U0291,I068,2026.5.21 18:00,view
U0108,I034,2026.5.21 18:00,buy
U0218,I041,2026.5.21 20:00,view
U0181,I057,2026.5.21 20:00,view
U0047,I001,2026.5.21 20:00,view
U0023,I073,2026.5.21 21:00,view
U0178,I097,2026.5.21 21:00,buy
U0244,I002,2026.5.21 21:00,view
U0115,I042,2026.5.21 21:00,like
U0278,I060,2026.5.21 21:00,view
U0064,I033,2026.5.21 22:00,view
U0243,I093,2026.5.21 22:00,like
U0027,I006,2026.5.21 22:00,view
U0124,I035,2026.5.21 22:00,view
U0178,I040,2026.5.21 22:00,view
U0231,I043,2026.5.21 22:00,view
U0239,I052,2026.5.21 23:00,view
U0286,I075,2026.5.21 23:00,view
U0033,I067,2026.5.22 0:00,buy
U0003,I100,2026.5.22 0:00,view
U0056,I053,2026.5.22 0:00,view
U0104,I042,2026.5.22 1:00,view
U0265,I075,2026.5.22 2:00,view
U0227,I046,2026.5.22 2:00,like
U0172,I021,2026.5.22 2:00,like
U0243,I077,2026.5.22 3:00,like
U0270,I034,2026.5.22 4:00,view
U0068,I077,2026.5.22 4:00,view
U0277,I034,2026.5.22 4:00,view
U0288,I100,2026.5.22 5:00,buy
U0199,I050,2026.5.22 6:00,like
U0017,I087,2026.5.22 6:00,view
U0164,I069,2026.5.22 6:00,buy
U0137,I060,2026.5.22 6:00,view
U0004,I014,2026.5.22 9:00,view
U0251,I071,2026.5.22 9:00,like
U0259,I007,2026.5.22 10:00,view
U0283,I033,2026.5.22 11:00,view
U0225,I091,2026.5.22 11:00,like
U0216,I073,2026.5.22 11:00,view
U0113,I053,2026.5.22 11:00,like
U0299,I051,2026.5.22 12:00,buy
U0275,I013,2026.5.22 14:00,buy
U0140,I046,2026.5.22 14:00,view
U0041,I076,2026.5.22 14:00,buy
U0284,I034,2026.5.22 14:00,view
U0266,I093,2026.5.22 15:00,view
U0034,I096,2026.5.22 15:00,like
U0257,I061,2026.5.22 16:00,buy
U0257,I058,2026.5.22 16:00,view
U0218,I049,2026.5.22 17:00,buy
U0220,I037,2026.5.22 17:00,buy
U0156,I067,2026.5.22 17:00,view
U0283,I035,2026.5.22 18:00,view
U0191,I027,2026.5.22 19:00,buy
U0007,I033,2026.5.22 19:00,view
U0066,I007,2026.5.22 20:00,buy
U0118,I026,2026.5.22 20:00,view
U0040,I065,2026.5.22 22:00,view
U0259,I019,2026.5.22 22:00,buy
U0082,I003,2026.5.22 23:00,like
U0216,I064,2026.5.22 23:00,view
U0227,I098,2026.5.22 23:00,view
U0191,I078,2026.5.22 23:00,like
U0218,I038,2026.5.23 1:00,buy
U0189,I072,2026.5.23 1:00,like
U0054,I089,2026.5.23 1:00,view
U0061,I034,2026.5.23 2:00,like
U0235,I024,2026.5.23 2:00,view
U0142,I087,2026.5.23 2:00,view
U0275,I070,2026.5.23 3:00,buy
U0059,I050,2026.5.23 3:00,view
U0080,I002,2026.5.23 3:00,view
U0237,I042,2026.5.23 6:00,like
U0070,I094,2026.5.23 10:00,view
U0178,I014,2026.5.23 11:00,view
U0107,I080,2026.5.23 12:00,like
U0191,I098,2026.5.23 12:00,like
U0244,I094,2026.5.23 13:00,view
U0041,I018,2026.5.23 13:00,view
U0227,I002,2026.5.23 13:00,view
U0183,I004,2026.5.23 14:00,view
U0237,I066,2026.5.23 15:00,like
U0233,I059,2026.5.23 15:00,view
U0013,I020,2026.5.23 15:00,buy
U0139,I023,2026.5.23 16:00,view
U0042,I019,2026.5.23 16:00,like
U0275,I041,2026.5.23 16:00,view
U0064,I071,2026.5.23 16:00,view
U0007,I003,2026.5.23 17:00,view
U0176,I046,2026.5.23 19:00,like
U0155,I046,2026.5.23 19:00,like
U0110,I018,2026.5.23 19:00,buy
U0176,I072,2026.5.23 20:00,buy
U0174,I055,2026.5.23 20:00,buy
U0102,I098,2026.5.23 20:00,view
U0232,I010,2026.5.23 21:00,view
U0244,I039,2026.5.23 21:00,view
U0130,I021,2026.5.23 22:00,like
U0144,I038,2026.5.23 22:00,view
U0017,I043,2026.5.23 23:00,view
U0231,I095,2026.5.23 23:00,buy
U0153,I091,2026.5.23 23:00,like
U0130,I006,2026.5.24 2:00,view
U0164,I067,2026.5.24 2:00,view
U0145,I007,2026.5.24 3:00,view
U0059,I043,2026.5.24 3:00,view
U0167,I099,2026.5.24 4:00,view
U0227,I078,2026.5.24 5:00,view
U0169,I014,2026.5.24 5:00,buy
U0115,I023,2026.5.24 5:00,view
U0220,I005,2026.5.24 6:00,view
U0116,I041,2026.5.24 6:00,like
U0218,I006,2026.5.24 7:00,buy
U0270,I014,2026.5.24 8:00,like
U0207,I007,2026.5.24 9:00,buy
U0260,I042,2026.5.24 9:00,view
U0298,I039,2026.5.24 9:00,view
U0196,I015,2026.5.24 10:00,buy
U0104,I060,2026.5.24 11:00,buy
U0222,I006,2026.5.24 11:00,view
U0058,I033,2026.5.24 12:00,view
U0133,I077,2026.5.24 13:00,view
U0122,I056,2026.5.24 14:00,view
U0248,I064,2026.5.24 14:00,view
U0145,I019,2026.5.24 14:00,view
U0097,I015,2026.5.24 15:00,view
U0180,I063,2026.5.24 17:00,like
U0178,I031,2026.5.24 18:00,buy
U0017,I076,2026.5.24 19:00,view
U0068,I053,2026.5.24 21:00,view
U0112,I019,2026.5.24 21:00,buy
U0077,I044,2026.5.24 21:00,view
U0263,I100,2026.5.24 22:00,view
U0228,I060,2026.5.24 22:00,view
U0284,I061,2026.5.24 23:00,view
U0064,I025,2026.5.24 23:00,view
U0133,I004,2026.5.24 23:00,view
U0093,I072,2026.5.25 0:00,view
U0069,I079,2026.5.25 0:00,buy
U0185,I052,2026.5.25 1:00,view
U0061,I091,2026.5.25 2:00,view
U0296,I049,2026.5.25 2:00,buy
U0087,I050,2026.5.25 4:00,like
U0243,I005,2026.5.25 4:00,view
U0064,I024,2026.5.25 4:00,like
U0057,I013,2026.5.25 4:00,view
U0236,I044,2026.5.25 5:00,view
U0284,I066,2026.5.25 5:00,view
U0225,I085,2026.5.25 5:00,view
U0211,I009,2026.5.25 6:00,like
U0227,I072,2026.5.25 6:00,buy
U0191,I073,2026.5.25 8:00,view
U0179,I072,2026.5.25 8:00,buy
U0112,I010,2026.5.25 9:00,buy
U0133,I074,2026.5.25 9:00,like
U0005,I040,2026.5.25 10:00,view
U0191,I047,2026.5.25 10:00,view
U0041,I078,2026.5.25 12:00,like
U0105,I007,2026.5.25 13:00,view
U0299,I063,2026.5.25 13:00,like
U0140,I002,2026.5.25 14:00,view
U0138,I088,2026.5.25 14:00,like
U0252,I087,2026.5.25 15:00,like
U0055,I099,2026.5.25 17:00,view
U0095,I058,2026.5.25 18:00,view
U0184,I011,2026.5.25 18:00,view
U0106,I028,2026.5.25 19:00,like
U0175,I099,2026.5.25 21:00,view
U0064,I006,2026.5.25 22:00,view
U0189,I059,2026.5.25 22:00,buy
U0098,I074,2026.5.25 23:00,like
U0147,I070,2026.5.25 23:00,buy
U0097,I019,2026.5.26 0:00,like
U0243,I090,2026.5.26 0:00,like
U0056,I006,2026.5.26 0:00,view
U0145,I087,2026.5.26 1:00,like
U0195,I054,2026.5.26 2:00,like
U0106,I017,2026.5.26 3:00,like
U0195,I008,2026.5.26 4:00,like
U0145,I006,2026.5.26 4:00,view
U0140,I068,2026.5.26 4:00,like
U0201,I059,2026.5.26 5:00,view
U0064,I030,2026.5.26 5:00,buy
U0114,I007,2026.5.26 5:00,buy
U0114,I082,2026.5.26 6:00,view
U0203,I062,2026.5.26 6:00,like
U0064,I003,2026.5.26 7:00,buy
U0021,I048,2026.5.26 8:00,view
U0275,I080,2026.5.26 8:00,view
U0080,I042,2026.5.26 9:00,buy
U0107,I014,2026.5.26 9:00,view
U0259,I064,2026.5.26 9:00,view
U0256,I043,2026.5.26 9:00,like
U0062,I098,2026.5.26 9:00,like
U0288,I095,2026.5.26 10:00,view
U0107,I065,2026.5.26 10:00,view
U0084,I001,2026.5.26 11:00,view
U0146,I036,2026.5.26 12:00,view
U0245,I068,2026.5.26 13:00,like
U0227,I060,2026.5.26 13:00,view
U0194,I039,2026.5.26 13:00,view
U0014,I093,2026.5.26 14:00,like
U0239,I014,2026.5.26 14:00,view
U0043,I040,2026.5.26 14:00,view
U0121,I042,2026.5.26 15:00,view
U0203,I039,2026.5.26 17:00,like
U0216,I081,2026.5.26 17:00,buy
U0030,I095,2026.5.26 17:00,view
U0189,I090,2026.5.26 17:00,buy
U0155,I063,2026.5.26 17:00,buy
U0244,I071,2026.5.26 18:00,buy
U0104,I038,2026.5.26 18:00,buy
U0058,I049,2026.5.26 18:00,view
U0173,I076,2026.5.26 19:00,like
U0254,I063,2026.5.26 19:00,buy
U0266,I042,2026.5.26 19:00,view
U0041,I046,2026.5.26 19:00,view
U0024,I084,2026.5.26 20:00,view
U0013,I021,2026.5.26 20:00,like
U0007,I042,2026.5.26 21:00,like
U0147,I097,2026.5.26 21:00,view
U0042,I055,2026.5.26 22:00,view
U0061,I023,2026.5.26 22:00,like
U0056,I019,2026.5.26 22:00,like
U0209,I044,2026.5.26 23:00,view
U0189,I038,2026.5.26 23:00,view
U0110,I042,2026.5.26 23:00,buy
U0169,I016,2026.5.27 2:00,like
U0021,I063,2026.5.27 2:00,view
U0019,I068,2026.5.27 4:00,view
U0300,I054,2026.5.27 4:00,buy
U0062,I060,2026.5.27 5:00,view
U0173,I042,2026.5.27 6:00,like
U0110,I048,2026.5.27 6:00,view
U0226,I082,2026.5.27 7:00,buy
U0194,I058,2026.5.27 8:00,view
U0257,I087,2026.5.27 8:00,view
U0035,I072,2026.5.27 9:00,view
U0293,I072,2026.5.27 9:00,view
U0195,I089,2026.5.27 10:00,buy
U0266,I049,2026.5.27 10:00,like
U0180,I001,2026.5.27 10:00,view
U0143,I074,2026.5.27 10:00,buy
U0286,I068,2026.5.27 12:00,like
U0044,I068,2026.5.27 13:00,like
U0018,I096,2026.5.27 13:00,buy
U0222,I043,2026.5.27 13:00,buy
U0027,I063,2026.5.27 14:00,view
U0257,I011,2026.5.27 14:00,view
U0163,I008,2026.5.27 15:00,like
U0272,I041,2026.5.27 15:00,view
U0073,I058,2026.5.27 15:00,buy
U0095,I073,2026.5.27 16:00,view
U0252,I025,2026.5.27 16:00,view
U0225,I093,2026.5.27 18:00,buy
U0094,I040,2026.5.27 18:00,view
U0115,I003,2026.5.27 18:00,buy
U0049,I043,2026.5.27 19:00,view
U0012,I054,2026.5.27 21:00,view
U0071,I044,2026.5.27 21:00,view
U0047,I043,2026.5.27 21:00,view
U0051,I018,2026.5.27 21:00,view
U0098,I040,2026.5.27 21:00,buy
U0196,I099,2026.5.27 21:00,view
U0107,I032,2026.5.27 22:00,like
U0272,I038,2026.5.27 22:00,view
U0083,I043,2026.5.27 23:00,view
U0064,I018,2026.5.28 0:00,view
U0220,I067,2026.5.28 0:00,like
U0059,I033,2026.5.28 1:00,view
U0025,I013,2026.5.28 1:00,like
U0156,I006,2026.5.28 1:00,view
U0247,I013,2026.5.28 2:00,view
U0244,I031,2026.5.28 2:00,view
U0275,I049,2026.5.28 3:00,like
U0030,I037,2026.5.28 3:00,buy
U0061,I016,2026.5.28 4:00,like
U0265,I017,2026.5.28 4:00,view
U0139,I035,2026.5.28 5:00,buy
U0197,I075,2026.5.28 5:00,buy
U0076,I003,2026.5.28 5:00,view
U0051,I100,2026.5.28 7:00,view
U0278,I066,2026.5.28 7:00,view
U0098,I053,2026.5.28 10:00,view
U0283,I038,2026.5.28 10:00,view
U0101,I044,2026.5.28 11:00,like
U0130,I010,2026.5.28 11:00,buy
U0033,I055,2026.5.28 12:00,buy
U0147,I095,2026.5.28 12:00,view
U0272,I033,2026.5.28 13:00,view
U0247,I019,2026.5.28 15:00,view
U0272,I042,2026.5.28 15:00,view
U0272,I076,2026.5.28 16:00,view
U0115,I001,2026.5.28 18:00,like
U0283,I004,2026.5.28 18:00,like
U0097,I005,2026.5.28 18:00,buy
U0174,I068,2026.5.28 19:00,buy
U0157,I082,2026.5.28 19:00,buy
U0013,I033,2026.5.28 19:00,view
U0169,I076,2026.5.28 19:00,view
U0195,I035,2026.5.28 19:00,like
U0142,I010,2026.5.28 20:00,view
U0275,I033,2026.5.28 20:00,buy
U0007,I041,2026.5.28 20:00,like
U0107,I094,2026.5.28 21:00,view
U0227,I100,2026.5.28 21:00,like
U0038,I019,2026.5.28 21:00,like
U0283,I015,2026.5.28 23:00,view
U0288,I040,2026.5.28 23:00,view
U0123,I037,2026.5.29 2:00,view
U0290,I096,2026.5.29 3:00,view
U0094,I041,2026.5.29 5:00,like
U0257,I043,2026.5.29 6:00,view
U0291,I098,2026.5.29 7:00,like
U0140,I050,2026.5.29 7:00,like
U0017,I059,2026.5.29 8:00,like
U0076,I027,2026.5.29 8:00,buy
U0073,I003,2026.5.29 8:00,view
U0195,I083,2026.5.29 8:00,view
U0187,I033,2026.5.29 10:00,buy
U0291,I075,2026.5.29 11:00,like
U0007,I051,2026.5.29 11:00,view
U0002,I041,2026.5.29 11:00,view
U0038,I077,2026.5.29 11:00,view
U0162,I093,2026.5.29 12:00,buy
U0193,I008,2026.5.29 12:00,view
U0185,I050,2026.5.29 13:00,buy
U0112,I037,2026.5.29 14:00,buy
U0272,I040,2026.5.29 14:00,view
U0296,I068,2026.5.29 14:00,buy
U0101,I073,2026.5.29 15:00,buy
U0268,I005,2026.5.29 16:00,buy
U0005,I036,2026.5.29 16:00,view
U0080,I059,2026.5.29 16:00,like
U0281,I087,2026.5.29 17:00,like
U0041,I092,2026.5.29 17:00,view
U0082,I076,2026.5.29 17:00,view
U0068,I065,2026.5.29 17:00,buy
U0294,I049,2026.5.29 18:00,like
U0103,I002,2026.5.29 19:00,like
U0129,I079,2026.5.29 20:00,view
U0166,I033,2026.5.29 20:00,buy
U0243,I038,2026.5.29 20:00,view
U0063,I053,2026.5.29 20:00,view
U0004,I054,2026.5.29 21:00,view
U0244,I012,2026.5.29 23:00,view
U0046,I041,2026.5.29 23:00,like
U0021,I055,2026.5.29 23:00,view
U0265,I041,2026.5.30 1:00,like
U0091,I005,2026.5.30 2:00,view
U0242,I098,2026.5.30 3:00,view
U0167,I041,2026.5.30 3:00,view
U0263,I044,2026.5.30 3:00,view
U0180,I089,2026.5.30 4:00,buy
U0041,I077,2026.5.30 4:00,view
U0277,I080,2026.5.30 4:00,buy
U0090,I096,2026.5.30 5:00,like
U0212,I063,2026.5.30 8:00,buy
U0145,I028,2026.5.30 8:00,like
U0185,I086,2026.5.30 8:00,view
U0041,I005,2026.5.30 9:00,like
U0022,I018,2026.5.30 9:00,view
U0257,I098,2026.5.30 9:00,buy
U0059,I092,2026.5.30 9:00,buy
U0273,I042,2026.5.30 10:00,buy
U0282,I095,2026.5.30 10:00,view
U0254,I006,2026.5.30 11:00,view
U0023,I005,2026.5.30 11:00,view
U0137,I036,2026.5.30 11:00,view
U0049,I040,2026.5.30 11:00,view
U0089,I035,2026.5.30 12:00,like
U0257,I069,2026.5.30 12:00,view
U0021,I079,2026.5.30 12:00,view
U0266,I033,2026.5.30 13:00,buy
U0125,I043,2026.5.30 13:00,like
U0189,I098,2026.5.30 15:00,view
U0147,I080,2026.5.30 17:00,view
U0117,I094,2026.5.30 17:00,view
U0289,I030,2026.5.30 18:00,view
U0106,I042,2026.5.30 19:00,buy
U0007,I001,2026.5.30 19:00,view
U0275,I076,2026.5.30 20:00,view
U0284,I002,2026.5.30 21:00,view
U0143,I043,2026.5.31 0:00,view
U0166,I053,2026.5.31 0:00,like
U0110,I094,2026.5.31 1:00,view
U0014,I038,2026.5.31 1:00,buy
U0064,I020,2026.5.31 1:00,buy
U0120,I038,2026.5.31 2:00,view
U0056,I004,2026.5.31 2:00,view
U0010,I018,2026.5.31 4:00,buy
U0253,I013,2026.5.31 4:00,like
U0253,I037,2026.5.31 7:00,like
U0299,I080,2026.5.31 7:00,like
U0054,I087,2026.5.31 7:00,view
U0064,I011,2026.5.31 8:00,like
U0253,I014,2026.5.31 8:00,buy
U0189,I094,2026.5.31 8:00,buy
U0266,I020,2026.5.31 10:00,buy
U0046,I050,2026.5.31 10:00,view
U0116,I094,2026.5.31 10:00,buy
U0172,I015,2026.5.31 11:00,buy
U0002,I067,2026.5.31 12:00,buy
U0190,I021,2026.5.31 12:00,view
U0112,I064,2026.5.31 12:00,view
U0231,I071,2026.5.31 13:00,buy
U0104,I059,2026.5.31 13:00,buy
U0027,I032,2026.5.31 13:00,view
U0064,I040,2026.5.31 14:00,view
U0106,I100,2026.5.31 15:00,like
U0080,I047,2026.5.31 16:00,buy
U0112,I012,2026.5.31 17:00,view
U0223,I034,2026.5.31 17:00,view
U0147,I068,2026.5.31 17:00,buy
U0080,I053,2026.5.31 18:00,like
U0194,I041,2026.5.31 20:00,view
U0181,I094,2026.5.31 21:00,like
U0242,I072,2026.5.31 21:00,buy
U0268,I031,2026.5.31 21:00,like
U0066,I043,2026.5.31 22:00,buy
U0283,I095,2026.5.31 23:00,view
U0003,I089,2026.6.1 1:00,buy
U0241,I072,2026.6.1 1:00,view
U0191,I067,2026.6.1 2:00,view
U0287,I046,2026.6.1 2:00,buy
U0090,I079,2026.6.1 3:00,view
U0159,I075,2026.6.1 3:00,view
U0236,I099,2026.6.1 3:00,view
U0227,I044,2026.6.1 4:00,view
U0103,I051,2026.6.1 5:00,view
U0170,I066,2026.6.1 6:00,view
U0282,I042,2026.6.1 6:00,view
U0289,I087,2026.6.1 7:00,view
U0072,I080,2026.6.1 8:00,view
U0074,I004,2026.6.1 8:00,like
U0235,I076,2026.6.1 8:00,view
U0117,I079,2026.6.1 10:00,like
U0173,I052,2026.6.1 10:00,view
U0189,I084,2026.6.1 10:00,view
U0294,I061,2026.6.1 11:00,like
U0269,I033,2026.6.1 12:00,buy
U0191,I046,2026.6.1 12:00,view
U0289,I085,2026.6.1 13:00,view
U0156,I076,2026.6.1 15:00,like
U0007,I071,2026.6.1 16:00,buy
U0265,I015,2026.6.1 16:00,like
U0183,I084,2026.6.1 17:00,view
U0222,I097,2026.6.1 17:00,like
U0172,I020,2026.6.1 18:00,view
U0130,I013,2026.6.1 18:00,buy
U0046,I049,2026.6.1 18:00,like
U0020,I026,2026.6.1 19:00,like
U0226,I003,2026.6.1 19:00,like
U0232,I005,2026.6.1 19:00,like
U0257,I007,2026.6.1 19:00,like
U0034,I001,2026.6.1 19:00,view
U0245,I067,2026.6.1 20:00,like
U0115,I006,2026.6.1 21:00,like
U0243,I073,2026.6.1 22:00,buy
U0227,I048,2026.6.1 22:00,view
U0023,I100,2026.6.1 22:00,view
U0179,I024,2026.6.1 22:00,buy
U0272,I044,2026.6.1 23:00,view
U0094,I038,2026.6.2 1:00,view
U0211,I011,2026.6.2 2:00,buy
U0151,I014,2026.6.2 2:00,buy
U0061,I055,2026.6.2 2:00,like
U0110,I016,2026.6.2 5:00,like
U0283,I020,2026.6.2 6:00,like
U0195,I032,2026.6.2 7:00,view
U0080,I032,2026.6.2 7:00,view
U0005,I012,2026.6.2 8:00,view
U0125,I050,2026.6.2 9:00,like
U0136,I015,2026.6.2 10:00,view
U0145,I074,2026.6.2 11:00,buy
U0159,I085,2026.6.2 11:00,view
U0243,I088,2026.6.2 11:00,view
U0253,I025,2026.6.2 12:00,buy
U0102,I085,2026.6.2 14:00,view
U0181,I022,2026.6.2 14:00,like
U0151,I001,2026.6.2 15:00,like
U0017,I066,2026.6.2 15:00,view
U0264,I085,2026.6.2 17:00,view
U0276,I084,2026.6.2 18:00,view
U0056,I041,2026.6.2 19:00,view
U0013,I015,2026.6.2 21:00,view
U0136,I003,2026.6.2 21:00,view
U0177,I043,2026.6.2 22:00,like
U0075,I012,2026.6.2 22:00,like
U0130,I065,2026.6.2 22:00,like
U0064,I021,2026.6.2 23:00,view
U0040,I087,2026.6.3 0:00,view
U0164,I068,2026.6.3 1:00,like
U0181,I065,2026.6.3 3:00,view
U0110,I063,2026.6.3 5:00,like
U0057,I082,2026.6.3 5:00,view
U0254,I064,2026.6.3 6:00,view
U0091,I038,2026.6.3 7:00,like
U0039,I015,2026.6.3 7:00,view
U0136,I008,2026.6.3 7:00,view
U0005,I076,2026.6.3 8:00,view
U0013,I024,2026.6.3 8:00,view
U0222,I098,2026.6.3 8:00,like
U0057,I084,2026.6.3 8:00,like
U0203,I090,2026.6.3 11:00,view
U0276,I061,2026.6.3 11:00,buy
U0115,I073,2026.6.3 11:00,view
U0195,I070,2026.6.3 12:00,like
U0116,I045,2026.6.3 12:00,view
U0159,I099,2026.6.3 13:00,buy
U0137,I100,2026.6.3 16:00,view
U0080,I051,2026.6.3 17:00,like
U0159,I004,2026.6.3 17:00,like
U0231,I086,2026.6.3 18:00,view
U0188,I012,2026.6.3 18:00,like
U0178,I029,2026.6.3 18:00,like
U0064,I013,2026.6.3 19:00,like
U0047,I016,2026.6.3 20:00,buy
U0281,I039,2026.6.3 20:00,like
U0094,I001,2026.6.3 21:00,like
U0259,I017,2026.6.3 23:00,view
U0275,I068,2026.6.3 23:00,like
U0264,I093,2026.6.3 23:00,like
U0040,I005,2026.6.3 23:00,view
U0068,I023,2026.6.4 0:00,like
U0082,I018,2026.6.4 0:00,view
U0189,I055,2026.6.4 1:00,view
U0117,I015,2026.6.4 1:00,view
U0064,I014,2026.6.4 1:00,view
U0191,I061,2026.6.4 1:00,buy
U0172,I013,2026.6.4 3:00,view
U0037,I012,2026.6.4 3:00,view
U0169,I052,2026.6.4 3:00,view
U0285,I092,2026.6.4 3:00,view
U0029,I057,2026.6.4 4:00,view
U0112,I008,2026.6.4 4:00,like
U0197,I022,2026.6.4 6:00,view
U0107,I046,2026.6.4 7:00,buy
U0237,I099,2026.6.4 7:00,view
U0145,I024,2026.6.4 8:00,view
U0272,I043,2026.6.4 9:00,buy
U0209,I073,2026.6.4 9:00,like
U0140,I052,2026.6.4 9:00,like
U0254,I037,2026.6.4 10:00,view
U0136,I040,2026.6.4 10:00,like
U0289,I047,2026.6.4 10:00,view
U0156,I095,2026.6.4 11:00,buy
U0284,I050,2026.6.4 11:00,like
U0013,I011,2026.6.4 13:00,view
U0210,I099,2026.6.4 13:00,view
U0195,I090,2026.6.4 14:00,view
U0088,I004,2026.6.4 14:00,view
U0013,I004,2026.6.4 14:00,view
U0194,I061,2026.6.4 15:00,like
U0247,I006,2026.6.4 16:00,view
U0264,I044,2026.6.4 16:00,view
U0115,I096,2026.6.4 16:00,buy
U0203,I058,2026.6.4 17:00,view
U0051,I043,2026.6.4 17:00,view
U0288,I003,2026.6.4 18:00,like
U0231,I061,2026.6.4 19:00,buy
U0159,I088,2026.6.4 20:00,view
U0013,I025,2026.6.4 21:00,buy
U0242,I007,2026.6.4 23:00,like
U0242,I046,2026.6.4 23:00,like
U0270,I087,2026.6.5 0:00,view
U0143,I050,2026.6.5 0:00,like
U0148,I002,2026.6.5 0:00,like
U0176,I059,2026.6.5 0:00,view
U0023,I023,2026.6.5 1:00,buy
U0068,I097,2026.6.5 1:00,view
U0103,I013,2026.6.5 2:00,like
U0114,I083,2026.6.5 2:00,view
U0021,I089,2026.6.5 3:00,view
U0275,I035,2026.6.5 3:00,like
U0034,I010,2026.6.5 3:00,like
U0257,I078,2026.6.5 3:00,view
U0101,I050,2026.6.5 4:00,buy
U0097,I078,2026.6.5 4:00,view
U0084,I080,2026.6.5 4:00,buy
U0289,I019,2026.6.5 4:00,like
U0221,I094,2026.6.5 5:00,like
U0106,I001,2026.6.5 7:00,like
U0295,I008,2026.6.5 7:00,buy
U0027,I083,2026.6.5 8:00,view
U0070,I008,2026.6.5 10:00,view
U0165,I040,2026.6.5 10:00,buy
U0011,I068,2026.6.5 11:00,buy
U0210,I041,2026.6.5 13:00,like
U0047,I050,2026.6.5 14:00,buy
U0138,I067,2026.6.5 15:00,like
U0210,I079,2026.6.5 15:00,view
U0023,I050,2026.6.5 15:00,view
U0239,I094,2026.6.5 16:00,view
U0244,I035,2026.6.5 19:00,view
U0288,I068,2026.6.5 20:00,like
U0133,I080,2026.6.5 20:00,like
U0234,I088,2026.6.5 20:00,view
U0102,I042,2026.6.5 21:00,view
U0264,I006,2026.6.5 21:00,view
U0183,I035,2026.6.5 21:00,buy
U0225,I088,2026.6.5 21:00,buy
U0073,I004,2026.6.5 22:00,view
U0159,I086,2026.6.5 22:00,like
U0093,I090,2026.6.6 0:00,like
U0123,I036,2026.6.6 1:00,view
U0140,I003,2026.6.6 2:00,view
U0145,I040,2026.6.6 3:00,like
U0092,I038,2026.6.6 3:00,like
U0137,I019,2026.6.6 3:00,like
U0147,I043,2026.6.6 4:00,like
U0190,I014,2026.6.6 4:00,view
U0040,I025,2026.6.6 5:00,like
U0112,I067,2026.6.6 6:00,buy
U0107,I072,2026.6.6 7:00,view
U0173,I045,2026.6.6 8:00,view
U0172,I011,2026.6.6 8:00,view
U0102,I067,2026.6.6 12:00,view
U0234,I022,2026.6.6 12:00,view
U0104,I043,2026.6.6 12:00,view
U0047,I007,2026.6.6 13:00,view
U0291,I053,2026.6.6 13:00,view
U0118,I008,2026.6.6 14:00,view
U0265,I001,2026.6.6 14:00,view
U0237,I040,2026.6.6 16:00,buy
U0064,I008,2026.6.6 17:00,buy
U0134,I033,2026.6.6 17:00,view
U0074,I046,2026.6.6 19:00,view
U0291,I006,2026.6.6 20:00,like
U0220,I020,2026.6.6 20:00,view
U0061,I003,2026.6.6 22:00,view
U0033,I082,2026.6.6 22:00,view
U0264,I068,2026.6.6 22:00,buy
U0213,I084,2026.6.6 23:00,view
U0007,I023,2026.6.7 0:00,view
U0090,I043,2026.6.7 0:00,buy
U0221,I069,2026.6.7 0:00,view
U0156,I088,2026.6.7 1:00,view
U0027,I038,2026.6.7 1:00,view
U0017,I042,2026.6.7 2:00,view
U0248,I062,2026.6.7 3:00,view
U0054,I086,2026.6.7 3:00,buy
U0112,I018,2026.6.7 4:00,view
U0012,I090,2026.6.7 4:00,like
U0181,I011,2026.6.7 4:00,like
U0190,I011,2026.6.7 6:00,view
U0257,I021,2026.6.7 6:00,buy
U0002,I048,2026.6.7 6:00,buy
U0107,I059,2026.6.7 8:00,view
U0041,I070,2026.6.7 8:00,buy
U0104,I039,2026.6.7 9:00,view
U0183,I099,2026.6.7 9:00,view
U0140,I072,2026.6.7 10:00,buy
U0147,I032,2026.6.7 10:00,view
U0051,I076,2026.6.7 10:00,view
U0294,I100,2026.6.7 10:00,like
U0196,I018,2026.6.7 10:00,view
U0011,I066,2026.6.7 11:00,like
U0059,I097,2026.6.7 11:00,view
U0145,I044,2026.6.7 11:00,buy
U0068,I066,2026.6.7 11:00,buy
U0252,I084,2026.6.7 11:00,view
U0245,I004,2026.6.7 12:00,like
U0194,I072,2026.6.7 13:00,view
U0094,I035,2026.6.7 13:00,buy
U0100,I028,2026.6.7 14:00,view
U0293,I054,2026.6.7 14:00,view
U0107,I061,2026.6.7 15:00,view
U0140,I059,2026.6.7 15:00,view
U0242,I056,2026.6.7 16:00,view
U0074,I054,2026.6.7 16:00,like
U0136,I050,2026.6.7 16:00,view
U0295,I034,2026.6.7 16:00,view
U0199,I007,2026.6.7 20:00,view
U0102,I095,2026.6.7 20:00,view
U0140,I007,2026.6.7 20:00,view
U0227,I069,2026.6.7 21:00,buy
U0007,I013,2026.6.7 21:00,like
U0140,I098,2026.6.7 23:00,view
U0253,I005,2026.6.8 0:00,view
U0121,I013,2026.6.8 0:00,buy
U0011,I059,2026.6.8 2:00,view
U0272,I070,2026.6.8 2:00,view
U0275,I077,2026.6.8 2:00,view
U0159,I066,2026.6.8 3:00,like
U0289,I026,2026.6.8 3:00,like
U0238,I054,2026.6.8 4:00,like
U0221,I032,2026.6.8 4:00,view
U0253,I010,2026.6.8 4:00,like
U0059,I059,2026.6.8 4:00,like
U0159,I040,2026.6.8 5:00,view
U0244,I022,2026.6.8 5:00,buy
U0238,I001,2026.6.8 6:00,view
U0134,I068,2026.6.8 6:00,like
U0227,I043,2026.6.8 8:00,like
U0113,I006,2026.6.8 8:00,view
U0080,I043,2026.6.8 8:00,buy
U0128,I089,2026.6.8 9:00,like
U0175,I070,2026.6.8 10:00,view
U0112,I029,2026.6.8 10:00,buy
U0038,I001,2026.6.8 11:00,buy
U0173,I069,2026.6.8 11:00,view
U0135,I043,2026.6.8 12:00,view
U0191,I072,2026.6.8 12:00,buy
U0011,I076,2026.6.8 12:00,view
U0011,I045,2026.6.8 12:00,view
U0100,I038,2026.6.8 14:00,like
U0290,I046,2026.6.8 14:00,like
U0291,I084,2026.6.8 14:00,like
U0022,I004,2026.6.8 14:00,view
U0086,I033,2026.6.8 14:00,view
U0060,I074,2026.6.8 15:00,view
U0030,I075,2026.6.8 16:00,view
U0161,I049,2026.6.8 17:00,buy
U0222,I055,2026.6.8 17:00,view
U0232,I089,2026.6.8 17:00,buy
U0072,I083,2026.6.8 19:00,view
U0189,I004,2026.6.8 20:00,view
U0236,I067,2026.6.8 20:00,view
U0002,I049,2026.6.8 22:00,view
U0041,I057,2026.6.8 22:00,buy
U0125,I041,2026.6.8 23:00,view
U0075,I086,2026.6.9 0:00,buy
U0027,I001,2026.6.9 2:00,view
U0172,I003,2026.6.9 2:00,buy
U0010,I043,2026.6.9 3:00,view
U0125,I071,2026.6.9 3:00,like
U0062,I048,2026.6.9 4:00,view
U0070,I057,2026.6.9 5:00,buy
U0146,I082,2026.6.9 5:00,view
U0047,I071,2026.6.9 7:00,view
U0285,I093,2026.6.9 11:00,view
U0072,I043,2026.6.9 11:00,like
U0035,I001,2026.6.9 12:00,view
U0227,I066,2026.6.9 12:00,like
U0213,I035,2026.6.9 13:00,view
U0264,I052,2026.6.9 15:00,view
U0161,I052,2026.6.9 15:00,view
U0256,I066,2026.6.9 15:00,like
U0086,I043,2026.6.9 15:00,buy
U0075,I063,2026.6.9 15:00,view
U0102,I100,2026.6.9 16:00,buy
U0166,I013,2026.6.9 16:00,view
U0051,I093,2026.6.9 16:00,like
U0082,I032,2026.6.9 16:00,buy
U0279,I098,2026.6.9 17:00,buy
U0039,I082,2026.6.9 17:00,like
U0162,I076,2026.6.9 18:00,view
U0253,I019,2026.6.9 18:00,view
U0161,I020,2026.6.9 18:00,like
U0064,I019,2026.6.9 19:00,buy
U0294,I032,2026.6.9 20:00,like
U0039,I094,2026.6.9 20:00,view
U0210,I043,2026.6.9 21:00,view
U0071,I094,2026.6.9 21:00,view
U0263,I002,2026.6.9 21:00,buy
U0191,I060,2026.6.9 22:00,buy
U0136,I009,2026.6.9 23:00,buy
U0010,I093,2026.6.9 23:00,like
U0237,I091,2026.6.9 23:00,view
U0146,I041,2026.6.10 0:00,like
U0013,I070,2026.6.10 1:00,view
U0224,I054,2026.6.10 1:00,view
U0115,I040,2026.6.10 1:00,view
U0091,I020,2026.6.10 1:00,like
U0291,I048,2026.6.10 2:00,buy
U0174,I100,2026.6.10 3:00,like
U0283,I099,2026.6.10 3:00,buy
U0049,I063,2026.6.10 3:00,buy
U0181,I046,2026.6.10 4:00,buy
U0185,I062,2026.6.10 4:00,view
U0013,I097,2026.6.10 5:00,buy
U0161,I076,2026.6.10 5:00,buy
U0210,I042,2026.6.10 5:00,like
U0212,I051,2026.6.10 6:00,buy
U0134,I049,2026.6.10 6:00,view
U0218,I019,2026.6.10 7:00,like
U0112,I009,2026.6.10 9:00,view
U0021,I064,2026.6.10 10:00,view
U0217,I074,2026.6.10 10:00,buy
U0122,I042,2026.6.10 12:00,view
U0097,I048,2026.6.10 14:00,view
U0147,I061,2026.6.10 15:00,buy
U0128,I066,2026.6.10 17:00,like
U0248,I056,2026.6.10 17:00,like
U0199,I028,2026.6.10 17:00,view
U0154,I001,2026.6.10 18:00,buy
U0171,I023,2026.6.10 18:00,view
U0011,I070,2026.6.10 18:00,buy
U0161,I053,2026.6.10 18:00,buy
U0265,I033,2026.6.10 18:00,view
U0011,I097,2026.6.10 19:00,view
U0235,I037,2026.6.10 19:00,view
U0049,I098,2026.6.10 19:00,view
U0172,I080,2026.6.10 20:00,like
U0173,I071,2026.6.10 20:00,like
U0183,I086,2026.6.10 21:00,view
U0068,I081,2026.6.10 22:00,view
U0021,I003,2026.6.10 22:00,view
U0182,I074,2026.6.10 23:00,view
U0181,I053,2026.6.10 23:00,view
U0272,I036,2026.6.11 0:00,view
U0227,I015,2026.6.11 1:00,buy
U0144,I066,2026.6.11 1:00,buy
U0013,I022,2026.6.11 3:00,view
U0106,I022,2026.6.11 3:00,view
U0178,I075,2026.6.11 3:00,view
U0107,I043,2026.6.11 4:00,view
U0181,I066,2026.6.11 4:00,view
U0272,I050,2026.6.11 5:00,like
U0220,I053,2026.6.11 6:00,buy
U0171,I042,2026.6.11 7:00,view
U0061,I029,2026.6.11 8:00,like
U0272,I045,2026.6.11 9:00,buy
U0170,I074,2026.6.11 10:00,view
U0178,I067,2026.6.11 10:00,view
U0227,I055,2026.6.11 11:00,view
U0234,I075,2026.6.11 11:00,view
U0223,I010,2026.6.11 14:00,like
U0029,I047,2026.6.11 14:00,view
U0283,I079,2026.6.11 15:00,view
U0086,I076,2026.6.11 15:00,buy
U0176,I078,2026.6.11 16:00,like
U0252,I006,2026.6.11 16:00,view
U0237,I053,2026.6.11 17:00,view
U0112,I014,2026.6.11 17:00,like
U0007,I081,2026.6.11 18:00,view
U0068,I040,2026.6.11 18:00,like
U0014,I050,2026.6.11 19:00,buy
U0106,I019,2026.6.11 20:00,like
U0097,I051,2026.6.11 20:00,view
U0103,I008,2026.6.11 20:00,view
U0264,I040,2026.6.11 21:00,buy
U0275,I069,2026.6.11 21:00,view
U0027,I053,2026.6.11 21:00,like
U0053,I007,2026.6.11 23:00,view
U0133,I003,2026.6.12 0:00,like
U0289,I017,2026.6.12 0:00,like
U0253,I020,2026.6.12 0:00,like
U0102,I076,2026.6.12 0:00,like
U0239,I078,2026.6.12 1:00,view
U0287,I052,2026.6.12 2:00,like
U0053,I098,2026.6.12 2:00,view
U0106,I074,2026.6.12 3:00,view
U0046,I013,2026.6.12 4:00,view
U0027,I069,2026.6.12 4:00,buy
U0210,I052,2026.6.12 4:00,like
U0080,I050,2026.6.12 5:00,like
U0217,I047,2026.6.12 7:00,view
U0185,I046,2026.6.12 7:00,buy
U0272,I067,2026.6.12 8:00,buy
U0198,I060,2026.6.12 8:00,view
U0128,I074,2026.6.12 9:00,buy
U0275,I036,2026.6.12 9:00,view
U0276,I096,2026.6.12 9:00,like
U0113,I013,2026.6.12 12:00,view
U0210,I006,2026.6.12 13:00,buy
U0147,I045,2026.6.12 13:00,buy
U0159,I082,2026.6.12 13:00,like
U0136,I096,2026.6.12 14:00,view
U0286,I001,2026.6.12 14:00,view
U0272,I074,2026.6.12 14:00,view
U0053,I072,2026.6.12 15:00,view
U0005,I045,2026.6.12 16:00,like
U0002,I042,2026.6.12 16:00,view
U0145,I047,2026.6.12 16:00,view
U0127,I097,2026.6.12 16:00,like
U0261,I095,2026.6.12 17:00,view
U0148,I012,2026.6.12 17:00,like
U0262,I004,2026.6.12 18:00,buy
U0217,I019,2026.6.12 18:00,view
U0227,I085,2026.6.12 18:00,view
U0247,I058,2026.6.12 18:00,like
U0136,I099,2026.6.12 19:00,like
U0054,I088,2026.6.12 19:00,buy
U0041,I093,2026.6.12 20:00,like
U0080,I065,2026.6.12 22:00,buy
U0210,I083,2026.6.12 22:00,buy
U0253,I024,2026.6.12 23:00,view
U0218,I015,2026.6.12 23:00,view
U0013,I010,2026.6.13 0:00,like
U0088,I082,2026.6.13 1:00,view
U0151,I088,2026.6.13 1:00,view
U0030,I089,2026.6.13 2:00,view
U0035,I059,2026.6.13 2:00,view
U0191,I040,2026.6.13 2:00,like
U0032,I093,2026.6.13 3:00,like
U0117,I022,2026.6.13 3:00,view
U0022,I040,2026.6.13 4:00,view
U0162,I038,2026.6.13 4:00,view
U0248,I088,2026.6.13 4:00,view
U0178,I068,2026.6.13 4:00,view
U0225,I041,2026.6.13 4:00,like
U0261,I058,2026.6.13 5:00,view
U0039,I087,2026.6.13 5:00,buy
U0145,I084,2026.6.13 5:00,buy
U0128,I076,2026.6.13 6:00,buy
U0007,I038,2026.6.13 7:00,view
U0242,I052,2026.6.13 8:00,view
U0011,I043,2026.6.13 8:00,like
U0278,I053,2026.6.13 10:00,view
U0181,I082,2026.6.13 12:00,view
U0288,I084,2026.6.13 14:00,view
U0107,I083,2026.6.13 14:00,like
U0049,I068,2026.6.13 15:00,view
U0261,I072,2026.6.13 15:00,buy
U0101,I049,2026.6.13 15:00,view
U0288,I080,2026.6.13 16:00,view
U0257,I076,2026.6.13 17:00,view
U0184,I094,2026.6.13 17:00,view
U0106,I011,2026.6.13 17:00,like
U0172,I042,2026.6.13 17:00,view
U0234,I089,2026.6.13 18:00,view
U0106,I010,2026.6.13 19:00,like
U0276,I035,2026.6.13 19:00,like
U0217,I034,2026.6.13 20:00,buy
U0035,I019,2026.6.13 21:00,view
U0010,I078,2026.6.13 22:00,view
U0102,I096,2026.6.13 22:00,like
U0035,I007,2026.6.13 22:00,view
U0288,I036,2026.6.13 22:00,view
U0053,I060,2026.6.14 0:00,view
U0249,I052,2026.6.14 1:00,buy
U0165,I061,2026.6.14 2:00,like
U0147,I064,2026.6.14 3:00,like
U0161,I019,2026.6.14 3:00,buy
U0299,I005,2026.6.14 3:00,view
U0064,I082,2026.6.14 4:00,like
U0229,I015,2026.6.14 4:00,buy
U0201,I087,2026.6.14 4:00,view
U0136,I045,2026.6.14 4:00,view
U0059,I055,2026.6.14 5:00,buy
U0028,I080,2026.6.14 5:00,like
U0148,I076,2026.6.14 5:00,view
U0058,I007,2026.6.14 8:00,view
U0232,I042,2026.6.14 8:00,like
U0005,I064,2026.6.14 8:00,view
U0029,I076,2026.6.14 10:00,view
U0066,I067,2026.6.14 11:00,view
U0017,I065,2026.6.14 12:00,view
U0208,I061,2026.6.14 12:00,buy
U0295,I007,2026.6.14 12:00,view
U0198,I087,2026.6.14 14:00,like
U0102,I038,2026.6.14 15:00,like
U0272,I068,2026.6.14 15:00,view
U0255,I089,2026.6.14 16:00,view
U0053,I050,2026.6.14 16:00,buy
U0264,I066,2026.6.14 17:00,buy
U0237,I075,2026.6.14 18:00,view
U0290,I049,2026.6.14 18:00,view
U0289,I016,2026.6.14 18:00,view
U0037,I020,2026.6.14 18:00,view
U0210,I086,2026.6.14 20:00,view
U0083,I062,2026.6.14 20:00,like
U0236,I046,2026.6.14 20:00,buy
U0129,I037,2026.6.14 20:00,like
U0088,I074,2026.6.14 21:00,view
U0104,I015,2026.6.14 22:00,like
U0059,I064,2026.6.14 23:00,buy
U0193,I100,2026.6.14 23:00,like
U0217,I007,2026.6.14 23:00,like
U0269,I016,2026.6.15 3:00,like
U0290,I069,2026.6.15 3:00,view
U0086,I074,2026.6.15 4:00,buy
U0145,I021,2026.6.15 4:00,view
U0127,I030,2026.6.15 4:00,like
U0062,I064,2026.6.15 4:00,view
U0237,I041,2026.6.15 5:00,buy
U0048,I075,2026.6.15 6:00,view
U0012,I087,2026.6.15 7:00,view
U0134,I067,2026.6.15 10:00,view
U0264,I086,2026.6.15 10:00,buy
U0060,I035,2026.6.15 11:00,view
U0272,I064,2026.6.15 12:00,buy
U0007,I096,2026.6.15 12:00,like
U0288,I050,2026.6.15 13:00,like
U0217,I030,2026.6.15 15:00,view
U0114,I092,2026.6.15 15:00,view
U0212,I055,2026.6.15 18:00,view
U0106,I047,2026.6.15 18:00,buy
U0232,I037,2026.6.15 18:00,like
U0011,I036,2026.6.15 18:00,buy
U0070,I030,2026.6.15 20:00,like
U0056,I010,2026.6.16 1:00,like
U0102,I079,2026.6.16 2:00,buy
U0210,I062,2026.6.16 2:00,view
U0220,I071,2026.6.16 2:00,buy
U0218,I063,2026.6.16 3:00,buy
U0041,I068,2026.6.16 3:00,like
U0139,I011,2026.6.16 4:00,buy
U0086,I045,2026.6.16 4:00,view
U0080,I044,2026.6.16 5:00,view
U0144,I079,2026.6.16 5:00,view
U0275,I032,2026.6.16 6:00,buy
U0038,I068,2026.6.16 7:00,view
U0072,I084,2026.6.16 8:00,view
U0172,I071,2026.6.16 9:00,buy
U0245,I047,2026.6.16 10:00,view
U0263,I062,2026.6.16 10:00,view
U0224,I038,2026.6.16 11:00,view
U0137,I088,2026.6.16 11:00,view
U0231,I089,2026.6.16 11:00,view
U0222,I099,2026.6.16 12:00,view
U0191,I043,2026.6.16 13:00,view
U0186,I052,2026.6.16 14:00,buy
U0155,I041,2026.6.16 14:00,view
U0256,I093,2026.6.16 15:00,buy
U0183,I048,2026.6.16 15:00,buy
U0280,I011,2026.6.16 16:00,view
U0137,I071,2026.6.16 16:00,view
U0191,I042,2026.6.16 17:00,like
U0241,I070,2026.6.16 18:00,view
U0182,I044,2026.6.16 19:00,like
U0232,I036,2026.6.16 20:00,view
U0288,I076,2026.6.16 20:00,view
U0176,I100,2026.6.16 20:00,view
U0181,I073,2026.6.16 22:00,view
U0244,I042,2026.6.16 23:00,view
U0256,I001,2026.6.16 23:00,like
U0059,I076,2026.6.16 23:00,view
U0136,I023,2026.6.17 0:00,view
U0108,I028,2026.6.17 0:00,like
U0007,I018,2026.6.17 1:00,buy
U0173,I041,2026.6.17 1:00,view
U0156,I036,2026.6.17 2:00,view
U0159,I095,2026.6.17 3:00,like
U0106,I012,2026.6.17 3:00,view
U0044,I043,2026.6.17 4:00,like
U0279,I088,2026.6.17 5:00,buy
U0007,I040,2026.6.17 8:00,view
U0300,I082,2026.6.17 8:00,like
U0094,I003,2026.6.17 10:00,buy
U0147,I057,2026.6.17 12:00,like
U0049,I006,2026.6.17 13:00,view
U0174,I087,2026.6.17 13:00,view
U0210,I067,2026.6.17 14:00,buy
U0269,I057,2026.6.17 14:00,view
U0107,I056,2026.6.17 15:00,view
U0040,I097,2026.6.17 16:00,buy
U0080,I080,2026.6.17 16:00,buy
U0242,I060,2026.6.17 19:00,view
U0186,I079,2026.6.17 19:00,view
U0126,I038,2026.6.17 20:00,buy
U0110,I058,2026.6.17 20:00,buy
U0190,I018,2026.6.17 20:00,buy
U0051,I092,2026.6.17 20:00,view
U0135,I040,2026.6.17 21:00,like
U0069,I060,2026.6.17 23:00,buy
U0173,I066,2026.6.18 1:00,like
U0182,I045,2026.6.18 1:00,view
U0008,I042,2026.6.18 3:00,view
U0171,I060,2026.6.18 4:00,view
U0159,I053,2026.6.18 4:00,view
U0261,I003,2026.6.18 4:00,view
U0290,I098,2026.6.18 5:00,view
U0231,I057,2026.6.18 5:00,like
U0174,I076,2026.6.18 5:00,view
U0125,I063,2026.6.18 6:00,view
U0288,I037,2026.6.18 6:00,buy
U0049,I023,2026.6.18 7:00,view
U0159,I042,2026.6.18 8:00,buy
U0136,I061,2026.6.18 8:00,like
U0117,I075,2026.6.18 9:00,buy
U0275,I058,2026.6.18 9:00,like
U0114,I091,2026.6.18 9:00,view
U0135,I070,2026.6.18 10:00,like
U0270,I068,2026.6.18 10:00,like
U0186,I083,2026.6.18 12:00,like
U0176,I076,2026.6.18 13:00,like
U0272,I094,2026.6.18 15:00,view
U0242,I055,2026.6.18 15:00,view
U0264,I062,2026.6.18 16:00,view
U0012,I035,2026.6.18 16:00,view
U0159,I084,2026.6.18 17:00,view
U0139,I030,2026.6.18 17:00,view
U0219,I043,2026.6.18 18:00,view
U0196,I088,2026.6.18 18:00,buy
U0242,I057,2026.6.18 18:00,like
U0269,I064,2026.6.18 19:00,view
U0186,I080,2026.6.18 20:00,view
U0181,I079,2026.6.18 20:00,view
U0213,I042,2026.6.18 20:00,view
U0041,I081,2026.6.18 20:00,view
U0247,I020,2026.6.18 20:00,buy
U0128,I016,2026.6.18 22:00,view
U0018,I082,2026.6.18 23:00,view
U0226,I055,2026.6.19 0:00,view
U0257,I068,2026.6.19 1:00,view
U0118,I059,2026.6.19 1:00,view
U0074,I023,2026.6.19 1:00,view
U0250,I033,2026.6.19 2:00,view
U0240,I077,2026.6.19 4:00,buy
U0112,I069,2026.6.19 4:00,view
U0157,I094,2026.6.19 5:00,view
U0294,I075,2026.6.19 7:00,view
U0017,I053,2026.6.19 7:00,view
U0007,I008,2026.6.19 8:00,like
U0155,I064,2026.6.19 8:00,view
U0139,I043,2026.6.19 10:00,view
U0056,I028,2026.6.19 10:00,view
U0244,I014,2026.6.19 10:00,buy
U0246,I040,2026.6.19 11:00,like
U0293,I049,2026.6.19 11:00,view
U0147,I091,2026.6.19 11:00,like
U0047,I031,2026.6.19 12:00,view
U0272,I056,2026.6.19 13:00,view
U0242,I078,2026.6.19 13:00,view
U0120,I024,2026.6.19 13:00,view
U0107,I053,2026.6.19 14:00,view
U0041,I038,2026.6.19 14:00,view
U0238,I053,2026.6.19 14:00,like
U0288,I092,2026.6.19 16:00,view
U0039,I097,2026.6.19 17:00,view
U0221,I071,2026.6.19 17:00,like
U0275,I073,2026.6.19 18:00,view
U0110,I049,2026.6.19 18:00,view
U0279,I085,2026.6.19 18:00,view
U0110,I062,2026.6.19 18:00,buy
U0222,I089,2026.6.19 20:00,like
U0086,I036,2026.6.19 22:00,view
U0250,I011,2026.6.19 22:00,view
U0057,I015,2026.6.19 23:00,like
U0148,I055,2026.6.19 23:00,view
U0276,I068,2026.6.19 23:00,like
U0221,I048,2026.6.20 0:00,like
U0116,I069,2026.6.20 0:00,like
U0150,I054,2026.6.20 1:00,like
U0202,I019,2026.6.20 1:00,view
U0035,I068,2026.6.20 2:00,view
U0210,I040,2026.6.20 3:00,view
U0283,I026,2026.6.20 3:00,buy
U0097,I024,2026.6.20 5:00,like
U0244,I004,2026.6.20 6:00,view
U0107,I034,2026.6.20 6:00,buy
U0254,I078,2026.6.20 7:00,view
U0038,I041,2026.6.20 8:00,buy
U0130,I009,2026.6.20 8:00,like
U0002,I064,2026.6.20 8:00,view
U0011,I054,2026.6.20 9:00,like
U0170,I059,2026.6.20 9:00,view
U0255,I082,2026.6.20 10:00,like
U0051,I094,2026.6.20 10:00,like
U0094,I007,2026.6.20 11:00,buy
U0072,I067,2026.6.20 11:00,like
U0260,I056,2026.6.20 12:00,view
U0206,I057,2026.6.20 12:00,view
U0112,I001,2026.6.20 12:00,view
U0060,I089,2026.6.20 14:00,like
U0288,I043,2026.6.20 14:00,buy
U0108,I015,2026.6.20 14:00,buy
U0130,I034,2026.6.20 16:00,like
U0074,I032,2026.6.20 16:00,buy
U0224,I078,2026.6.20 17:00,view
U0178,I037,2026.6.20 17:00,view
U0053,I059,2026.6.20 17:00,view
U0269,I066,2026.6.20 18:00,view
U0231,I070,2026.6.20 18:00,view
U0203,I064,2026.6.20 19:00,buy
U0202,I074,2026.6.20 20:00,view
U0190,I022,2026.6.20 21:00,view
U0159,I067,2026.6.20 22:00,view
U0068,I009,2026.6.20 22:00,view
U0098,I076,2026.6.20 23:00,like
U0300,I035,2026.6.20 23:00,view
U0159,I022,2026.6.20 23:00,view
U0095,I019,2026.6.20 23:00,like
U0011,I015,2026.6.21 0:00,view
U0086,I019,2026.6.21 0:00,view
U0176,I074,2026.6.21 0:00,view
U0115,I014,2026.6.21 0:00,view
U0223,I012,2026.6.21 0:00,view
U0053,I062,2026.6.21 1:00,like
U0117,I072,2026.6.21 2:00,view
U0242,I044,2026.6.21 3:00,view
U0244,I010,2026.6.21 3:00,view
U0237,I054,2026.6.21 4:00,like
U0059,I034,2026.6.21 4:00,view
U0110,I046,2026.6.21 5:00,view
U0041,I016,2026.6.21 5:00,buy
U0049,I022,2026.6.21 6:00,view
U0011,I053,2026.6.21 8:00,view
U0227,I064,2026.6.21 8:00,view
U0061,I006,2026.6.21 9:00,buy
U0205,I006,2026.6.21 9:00,view
U0202,I027,2026.6.21 10:00,view
U0086,I072,2026.6.21 10:00,view
U0200,I083,2026.6.21 10:00,view
U0205,I013,2026.6.21 10:00,view
U0186,I067,2026.6.21 11:00,view
U0179,I012,2026.6.21 14:00,view
U0298,I003,2026.6.21 14:00,view
U0017,I003,2026.6.21 14:00,view
U0173,I057,2026.6.21 15:00,view
U0155,I073,2026.6.21 15:00,like
U0247,I022,2026.6.21 15:00,like
U0181,I031,2026.6.21 18:00,like
U0220,I011,2026.6.21 18:00,view
U0291,I095,2026.6.21 18:00,buy
U0178,I015,2026.6.21 19:00,like
U0186,I043,2026.6.21 21:00,view
U0016,I043,2026.6.21 22:00,view
U0186,I084,2026.6.21 22:00,view
U0275,I065,2026.6.21 23:00,view
U0278,I068,2026.6.21 23:00,view
U0291,I023,2026.6.22 0:00,view
U0098,I068,2026.6.22 0:00,view
U0218,I045,2026.6.22 0:00,buy
U0295,I074,2026.6.22 1:00,buy
U0255,I060,2026.6.22 1:00,like
U0155,I098,2026.6.22 2:00,view
U0050,I061,2026.6.22 2:00,buy
U0143,I060,2026.6.22 3:00,view
U0187,I014,2026.6.22 3:00,view
U0022,I029,2026.6.22 3:00,like
U0093,I071,2026.6.22 3:00,buy
U0264,I084,2026.6.22 4:00,like
U0226,I029,2026.6.22 4:00,buy
U0149,I072,2026.6.22 5:00,buy
U0222,I083,2026.6.22 5:00,view
U0222,I038,2026.6.22 6:00,like
U0051,I041,2026.6.22 6:00,like
U0257,I050,2026.6.22 7:00,view
U0293,I048,2026.6.22 7:00,view
U0118,I064,2026.6.22 8:00,like
U0291,I073,2026.6.22 9:00,buy
U0276,I082,2026.6.22 10:00,like
U0277,I059,2026.6.22 10:00,view
U0180,I079,2026.6.22 10:00,view
U0174,I039,2026.6.22 11:00,like
U0172,I008,2026.6.22 11:00,buy
U0242,I043,2026.6.22 12:00,view
U0185,I039,2026.6.22 12:00,buy
U0053,I066,2026.6.22 13:00,like
U0261,I074,2026.6.22 13:00,like
U0250,I087,2026.6.22 13:00,buy
U0095,I056,2026.6.22 14:00,like
U0189,I070,2026.6.22 14:00,view
U0275,I064,2026.6.22 15:00,buy
U0273,I061,2026.6.22 15:00,buy
U0221,I062,2026.6.22 15:00,buy
U0098,I069,2026.6.22 15:00,view
U0220,I033,2026.6.22 16:00,view
U0017,I068,2026.6.22 16:00,view
U0210,I063,2026.6.22 18:00,view
U0161,I068,2026.6.22 18:00,view
U0050,I036,2026.6.22 19:00,view
U0173,I043,2026.6.22 20:00,view
U0051,I060,2026.6.22 21:00,view
U0106,I087,2026.6.22 22:00,view
U0296,I072,2026.6.22 23:00,view
U0256,I031,2026.6.22 23:00,like
U0289,I074,2026.6.22 23:00,view
U0143,I051,2026.6.23 0:00,buy
U0140,I053,2026.6.23 2:00,like
U0056,I035,2026.6.23 3:00,view
U0230,I049,2026.6.23 4:00,view
U0235,I015,2026.6.23 6:00,view
U0007,I009,2026.6.23 8:00,view
U0080,I057,2026.6.23 8:00,view
U0216,I012,2026.6.23 8:00,like
U0218,I100,2026.6.23 9:00,view
U0253,I008,2026.6.23 10:00,view
U0078,I043,2026.6.23 11:00,buy
U0161,I042,2026.6.23 13:00,view
U0123,I083,2026.6.23 14:00,like
U0237,I087,2026.6.23 15:00,view
U0097,I043,2026.6.23 15:00,like
U0253,I018,2026.6.23 15:00,view
U0044,I056,2026.6.23 16:00,buy
U0053,I043,2026.6.23 17:00,buy
U0159,I081,2026.6.23 17:00,view
U0159,I072,2026.6.23 18:00,like
U0144,I043,2026.6.23 19:00,buy
U0278,I080,2026.6.23 19:00,view
U0073,I035,2026.6.23 19:00,view
U0079,I017,2026.6.23 20:00,buy
U0205,I012,2026.6.23 22:00,view
U0077,I029,2026.6.23 22:00,like
U0205,I011,2026.6.23 22:00,like
U0130,I033,2026.6.23 23:00,view
U0058,I047,2026.6.23 23:00,buy
U0186,I006,2026.6.23 23:00,view
U0098,I038,2026.6.23 23:00,view
U0264,I073,2026.6.24 0:00,like
U0242,I050,2026.6.24 0:00,view
U0084,I082,2026.6.24 0:00,view
U0140,I058,2026.6.24 0:00,view
U0087,I061,2026.6.24 1:00,view
U0202,I004,2026.6.24 2:00,view
U0106,I003,2026.6.24 2:00,like
U0078,I095,2026.6.24 3:00,view
U0007,I019,2026.6.24 3:00,view
U0275,I059,2026.6.24 3:00,view
U0167,I036,2026.6.24 3:00,like
U0036,I081,2026.6.24 4:00,view
U0234,I079,2026.6.24 6:00,view
U0202,I033,2026.6.24 6:00,like
U0182,I013,2026.6.24 6:00,view
U0145,I015,2026.6.24 6:00,buy
U0114,I031,2026.6.24 7:00,view
U0250,I038,2026.6.24 7:00,view
U0070,I025,2026.6.24 8:00,buy
U0069,I039,2026.6.24 8:00,view
U0289,I067,2026.6.24 8:00,like
U0217,I016,2026.6.24 9:00,view
U0053,I038,2026.6.24 10:00,like
U0286,I030,2026.6.24 10:00,view
U0186,I062,2026.6.24 10:00,like
U0288,I064,2026.6.24 11:00,view
U0213,I047,2026.6.24 11:00,view
U0144,I098,2026.6.24 14:00,view
U0013,I026,2026.6.24 14:00,view
U0186,I063,2026.6.24 15:00,like
U0235,I043,2026.6.24 15:00,view
U0202,I043,2026.6.24 15:00,buy
U0164,I099,2026.6.24 15:00,view
U0298,I094,2026.6.24 16:00,like
U0114,I062,2026.6.24 16:00,like
U0181,I012,2026.6.24 16:00,view
U0253,I070,2026.6.24 17:00,view
U0202,I047,2026.6.24 18:00,like
U0140,I037,2026.6.24 19:00,like
U0121,I015,2026.6.24 20:00,like
U0281,I043,2026.6.24 22:00,view
U0017,I012,2026.6.24 22:00,buy
U0195,I046,2026.6.24 22:00,buy
U0300,I100,2026.6.24 23:00,buy
U0253,I082,2026.6.25 0:00,buy
U0206,I054,2026.6.25 2:00,buy
U0224,I065,2026.6.25 3:00,like
U0001,I013,2026.6.25 4:00,buy
U0048,I043,2026.6.25 5:00,view
U0241,I008,2026.6.25 6:00,like
U0286,I022,2026.6.25 6:00,buy
U0039,I096,2026.6.25 6:00,view
U0011,I038,2026.6.25 6:00,view
U0217,I014,2026.6.25 7:00,buy
U0140,I042,2026.6.25 8:00,view
U0144,I092,2026.6.25 8:00,view
U0164,I040,2026.6.25 9:00,view
U0223,I099,2026.6.25 9:00,view
U0235,I002,2026.6.25 10:00,view
U0103,I033,2026.6.25 11:00,view
U0004,I013,2026.6.25 11:00,like
U0078,I066,2026.6.25 11:00,buy
U0096,I068,2026.6.25 11:00,view
U0017,I083,2026.6.25 11:00,view
U0079,I079,2026.6.25 12:00,like
U0164,I004,2026.6.25 13:00,buy
U0037,I043,2026.6.25 13:00,like
U0139,I025,2026.6.25 14:00,view
U0070,I001,2026.6.25 14:00,view
U0183,I083,2026.6.25 16:00,like
U0053,I046,2026.6.25 16:00,buy
U0050,I007,2026.6.25 16:00,buy
U0202,I006,2026.6.25 17:00,view
U0224,I085,2026.6.25 18:00,like
U0050,I070,2026.6.25 19:00,like
U0061,I005,2026.6.25 19:00,view
U0113,I034,2026.6.25 20:00,like
U0222,I100,2026.6.25 20:00,like
U0294,I038,2026.6.25 21:00,view
U0041,I069,2026.6.25 21:00,view
U0027,I082,2026.6.25 21:00,view
U0118,I036,2026.6.26 0:00,view
U0195,I072,2026.6.26 0:00,view
U0244,I006,2026.6.26 1:00,view
U0073,I034,2026.6.26 1:00,buy
U0075,I034,2026.6.26 1:00,view
U0016,I066,2026.6.26 2:00,buy
U0226,I071,2026.6.26 2:00,buy
U0069,I049,2026.6.26 3:00,view
U0051,I044,2026.6.26 4:00,view
U0109,I001,2026.6.26 4:00,buy
U0149,I070,2026.6.26 5:00,view
U0257,I089,2026.6.26 5:00,view
U0030,I097,2026.6.26 5:00,view
U0042,I029,2026.6.26 6:00,view
U0124,I021,2026.6.26 7:00,view
U0284,I032,2026.6.26 7:00,view
U0259,I028,2026.6.26 9:00,view
U0159,I098,2026.6.26 10:00,buy
U0264,I010,2026.6.26 11:00,view
U0123,I008,2026.6.26 11:00,buy
U0190,I040,2026.6.26 12:00,view
U0224,I077,2026.6.26 13:00,view
U0269,I059,2026.6.26 15:00,view
U0222,I094,2026.6.26 16:00,view
U0062,I040,2026.6.26 17:00,view
U0266,I067,2026.6.26 17:00,view
U0177,I048,2026.6.26 18:00,buy
U0290,I043,2026.6.26 18:00,view
U0065,I040,2026.6.26 18:00,view
U0156,I002,2026.6.26 18:00,view
U0136,I014,2026.6.26 18:00,view
U0202,I017,2026.6.26 21:00,view
U0210,I090,2026.6.27 0:00,like
U0231,I041,2026.6.27 1:00,buy
U0224,I091,2026.6.27 2:00,view
U0253,I001,2026.6.27 2:00,view
U0282,I088,2026.6.27 3:00,view
U0118,I023,2026.6.27 4:00,view
U0109,I096,2026.6.27 5:00,buy
U0048,I067,2026.6.27 5:00,view
U0195,I079,2026.6.27 7:00,view
U0170,I064,2026.6.27 7:00,like
U0203,I050,2026.6.27 8:00,view
U0144,I083,2026.6.27 8:00,view
U0194,I043,2026.6.27 8:00,view
U0051,I091,2026.6.27 10:00,buy
U0266,I076,2026.6.27 11:00,view
U0261,I054,2026.6.27 12:00,view
U0243,I029,2026.6.27 12:00,like
U0041,I054,2026.6.27 13:00,view
U0294,I095,2026.6.27 14:00,like
U0174,I050,2026.6.27 14:00,view
U0145,I022,2026.6.27 14:00,buy
U0261,I066,2026.6.27 15:00,view
U0109,I003,2026.6.27 16:00,view
U0289,I068,2026.6.27 16:00,buy
U0107,I074,2026.6.27 16:00,view
U0191,I007,2026.6.27 16:00,view
U0264,I081,2026.6.27 16:00,view
U0202,I049,2026.6.27 17:00,view
U0275,I034,2026.6.27 18:00,view
U0257,I064,2026.6.27 18:00,buy
U0006,I054,2026.6.27 20:00,view
U0209,I041,2026.6.27 20:00,like
U0232,I031,2026.6.27 20:00,view
U0109,I041,2026.6.27 21:00,like
U0261,I088,2026.6.27 21:00,view
U0109,I004,2026.6.27 21:00,view
U0011,I081,2026.6.27 21:00,view
U0143,I024,2026.6.27 21:00,view
U0080,I069,2026.6.27 21:00,like
U0064,I043,2026.6.27 22:00,buy
U0162,I090,2026.6.27 22:00,view
U0236,I013,2026.6.28 0:00,view
U0156,I052,2026.6.28 1:00,buy
U0284,I076,2026.6.28 1:00,buy
U0010,I019,2026.6.28 1:00,view
U0007,I027,2026.6.28 1:00,buy
U0017,I037,2026.6.28 2:00,view
U0205,I026,2026.6.28 2:00,like
U0264,I079,2026.6.28 3:00,view
U0213,I003,2026.6.28 3:00,buy
U0292,I033,2026.6.28 4:00,view
U0228,I092,2026.6.28 4:00,like
U0294,I090,2026.6.28 6:00,view
U0062,I059,2026.6.28 8:00,like
U0210,I095,2026.6.28 8:00,like
U0273,I010,2026.6.28 8:00,buy
U0226,I086,2026.6.28 8:00,view
U0106,I026,2026.6.28 8:00,view
U0124,I082,2026.6.28 8:00,view
U0293,I064,2026.6.28 10:00,like
U0245,I007,2026.6.28 12:00,view
U0109,I018,2026.6.28 12:00,view
U0161,I060,2026.6.28 13:00,view
U0259,I080,2026.6.28 14:00,buy
U0269,I041,2026.6.28 14:00,view
U0050,I065,2026.6.28 14:00,like
U0100,I024,2026.6.28 14:00,like
U0042,I056,2026.6.28 16:00,view
U0205,I042,2026.6.28 16:00,view
U0200,I029,2026.6.28 16:00,like
U0031,I078,2026.6.28 17:00,buy
U0212,I049,2026.6.28 18:00,view
U0194,I084,2026.6.28 19:00,buy
U0195,I050,2026.6.28 20:00,view
U0123,I084,2026.6.28 21:00,like
U0124,I042,2026.6.28 22:00,buy
U0161,I046,2026.6.28 23:00,view
U0011,I062,2026.6.28 23:00,view
U0090,I090,2026.6.29 0:00,view
U0044,I085,2026.6.29 0:00,like
U0128,I046,2026.6.29 1:00,view
U0289,I005,2026.6.29 2:00,view
U0264,I099,2026.6.29 3:00,view
U0083,I052,2026.6.29 3:00,buy
U0239,I076,2026.6.29 4:00,view
U0235,I001,2026.6.29 5:00,view
U0128,I067,2026.6.29 6:00,view
U0204,I041,2026.6.29 7:00,buy
U0094,I043,2026.6.29 7:00,view
U0205,I016,2026.6.29 8:00,view
U0234,I048,2026.6.29 9:00,view
U0016,I068,2026.6.29 10:00,like
U0068,I055,2026.6.29 10:00,view
U0048,I097,2026.6.29 10:00,like
U0050,I057,2026.6.29 11:00,view
U0217,I099,2026.6.29 11:00,view
U0135,I008,2026.6.29 11:00,like
U0096,I059,2026.6.29 12:00,like
U0205,I019,2026.6.29 12:00,view
U0169,I039,2026.6.29 14:00,like
U0286,I015,2026.6.29 14:00,like
U0272,I054,2026.6.29 15:00,buy
U0096,I012,2026.6.29 15:00,buy
U0266,I038,2026.6.29 15:00,view
U0230,I054,2026.6.29 15:00,buy
U0186,I096,2026.6.29 17:00,view
U0178,I071,2026.6.29 17:00,like
U0202,I016,2026.6.29 18:00,view
U0289,I046,2026.6.29 18:00,view
U0125,I058,2026.6.29 20:00,view
U0205,I040,2026.6.29 21:00,like
U0244,I029,2026.6.29 21:00,view
U0109,I016,2026.6.29 22:00,buy
U0051,I070,2026.6.29 22:00,view
U0013,I039,2026.6.29 23:00,view
U0295,I043,2026.6.29 23:00,view
U0170,I044,2026.6.29 23:00,view
U0119,I017,2026.6.30 0:00,view
U0112,I050,2026.6.30 0:00,view
U0050,I092,2026.6.30 1:00,view
U0098,I035,2026.6.30 1:00,buy
U0239,I054,2026.6.30 1:00,view
U0027,I098,2026.6.30 3:00,buy
U0049,I074,2026.6.30 4:00,view
U0076,I029,2026.6.30 5:00,like
U0011,I042,2026.6.30 6:00,like
U0261,I075,2026.6.30 6:00,view
U0117,I060,2026.6.30 6:00,view
U0043,I003,2026.6.30 6:00,like
U0048,I026,2026.6.30 7:00,view
U0202,I042,2026.6.30 7:00,buy
U0237,I098,2026.6.30 9:00,view
U0270,I097,2026.6.30 9:00,like
U0038,I042,2026.6.30 10:00,buy
U0112,I094,2026.6.30 11:00,buy
U0051,I042,2026.6.30 13:00,buy
U0184,I032,2026.6.30 14:00,view
U0078,I083,2026.6.30 15:00,view
U0053,I002,2026.6.30 17:00,like
U0218,I014,2026.6.30 18:00,view
U0186,I093,2026.6.30 19:00,like
U0017,I050,2026.6.30 19:00,like
U0300,I077,2026.6.30 21:00,buy
U0151,I046,2026.6.30 22:00,buy
U0100,I049,2026.7.1 0:00,view
U0106,I016,2026.7.1 0:00,view
U0189,I041,2026.7.1 1:00,view
U0147,I085,2026.7.1 2:00,buy
U0050,I068,2026.7.1 3:00,like
U0115,I020,2026.7.1 3:00,view
U0115,I002,2026.7.1 3:00,like
U0104,I041,2026.7.1 5:00,buy
U0128,I068,2026.7.1 5:00,view
U0056,I048,2026.7.1 6:00,view
U0049,I099,2026.7.1 7:00,buy
U0290,I066,2026.7.1 7:00,like
U0056,I036,2026.7.1 7:00,view
U0244,I036,2026.7.1 7:00,view
U0109,I054,2026.7.1 7:00,view
U0130,I025,2026.7.1 7:00,buy
U0176,I053,2026.7.1 8:00,view
U0058,I032,2026.7.1 8:00,view
U0040,I012,2026.7.1 9:00,like
U0096,I079,2026.7.1 10:00,buy
U0013,I017,2026.7.1 10:00,like
U0150,I030,2026.7.1 10:00,view
U0056,I059,2026.7.1 11:00,buy
U0266,I045,2026.7.1 11:00,view
U0112,I093,2026.7.1 11:00,view
U0098,I056,2026.7.1 12:00,view
U0178,I021,2026.7.1 13:00,view
U0050,I019,2026.7.1 13:00,buy
U0210,I069,2026.7.1 13:00,like
U0299,I050,2026.7.1 15:00,like
U0222,I053,2026.7.1 15:00,view
U0261,I081,2026.7.1 16:00,buy
U0028,I089,2026.7.1 17:00,buy
U0013,I001,2026.7.1 17:00,like
U0266,I019,2026.7.1 17:00,buy
U0133,I017,2026.7.1 18:00,like
U0178,I069,2026.7.1 18:00,view
U0202,I003,2026.7.1 18:00,like
U0114,I052,2026.7.1 19:00,view
U0186,I099,2026.7.1 19:00,view
U0237,I072,2026.7.1 19:00,view
U0219,I052,2026.7.1 19:00,buy
U0205,I023,2026.7.1 19:00,view
U0294,I042,2026.7.1 20:00,buy
U0291,I082,2026.7.1 21:00,view
U0144,I082,2026.7.1 21:00,view
U0258,I100,2026.7.1 21:00,view
U0217,I029,2026.7.1 22:00,view
U0105,I086,2026.7.1 23:00,like
U0265,I061,2026.7.1 23:00,like
U0282,I098,2026.7.1 23:00,buy
U0114,I090,2026.7.2 0:00,like
U0110,I065,2026.7.2 1:00,view
U0055,I017,2026.7.2 1:00,view
U0102,I091,2026.7.2 2:00,view
U0115,I070,2026.7.2 3:00,buy
U0231,I029,2026.7.2 3:00,like
U0007,I043,2026.7.2 4:00,buy
U0255,I010,2026.7.2 4:00,view
U0109,I040,2026.7.2 5:00,view
U0289,I006,2026.7.2 8:00,view
U0130,I047,2026.7.2 10:00,view
U0078,I081,2026.7.2 11:00,view
U0161,I067,2026.7.2 13:00,view
U0244,I067,2026.7.2 14:00,view
U0100,I045,2026.7.2 14:00,view
U0109,I034,2026.7.2 14:00,buy
U0283,I018,2026.7.2 14:00,view
U0272,I027,2026.7.2 15:00,view
U0176,I002,2026.7.2 15:00,view
U0237,I059,2026.7.2 16:00,view
U0077,I013,2026.7.2 16:00,view
U0288,I083,2026.7.2 16:00,like
U0282,I015,2026.7.2 17:00,buy
U0049,I018,2026.7.2 17:00,buy
U0264,I080,2026.7.2 17:00,like
U0176,I060,2026.7.2 19:00,view
U0027,I070,2026.7.2 20:00,like
U0023,I067,2026.7.2 20:00,view
U0151,I042,2026.7.2 21:00,like
U0250,I072,2026.7.2 21:00,like
U0005,I068,2026.7.2 21:00,like
U0253,I004,2026.7.2 21:00,view
U0075,I064,2026.7.2 22:00,like
U0291,I066,2026.7.2 23:00,view
U0108,I069,2026.7.2 23:00,view
U0091,I028,2026.7.3 0:00,like
U0050,I076,2026.7.3 0:00,like
U0202,I085,2026.7.3 1:00,view
U0059,I040,2026.7.3 1:00,view
U0248,I097,2026.7.3 1:00,like
U0013,I014,2026.7.3 2:00,view
U0096,I055,2026.7.3 2:00,view
U0037,I018,2026.7.3 2:00,view
U0199,I081,2026.7.3 2:00,like
U0017,I044,2026.7.3 3:00,view
U0044,I038,2026.7.3 3:00,view
U0086,I067,2026.7.3 3:00,view
U0082,I008,2026.7.3 4:00,view
U0220,I003,2026.7.3 5:00,buy
U0186,I082,2026.7.3 5:00,like
U0106,I008,2026.7.3 6:00,view
U0011,I035,2026.7.3 6:00,buy
U0133,I024,2026.7.3 7:00,like
U0181,I071,2026.7.3 8:00,like
U0050,I047,2026.7.3 8:00,view
U0113,I047,2026.7.3 8:00,view
U0067,I081,2026.7.3 9:00,view
U0190,I042,2026.7.3 11:00,like
U0056,I068,2026.7.3 11:00,buy
U0142,I002,2026.7.3 12:00,view
U0151,I050,2026.7.3 13:00,view
U0010,I005,2026.7.3 13:00,buy
U0103,I068,2026.7.3 14:00,view
U0242,I040,2026.7.3 14:00,view
U0017,I096,2026.7.3 15:00,buy
U0217,I002,2026.7.3 15:00,view
U0004,I077,2026.7.3 16:00,view
U0096,I092,2026.7.3 16:00,view
U0007,I055,2026.7.3 16:00,view
U0165,I068,2026.7.3 17:00,like
U0064,I007,2026.7.3 18:00,view
U0299,I069,2026.7.3 18:00,view
U0251,I040,2026.7.3 20:00,like
U0050,I046,2026.7.3 22:00,view
U0217,I038,2026.7.3 23:00,view
U0284,I049,2026.7.3 23:00,view
U0173,I056,2026.7.4 0:00,view
U0100,I076,2026.7.4 0:00,like
U0277,I007,2026.7.4 1:00,view
U0134,I036,2026.7.4 2:00,view
U0061,I044,2026.7.4 2:00,view
U0130,I043,2026.7.4 2:00,buy
U0253,I042,2026.7.4 4:00,view
U0096,I015,2026.7.4 6:00,view
U0141,I087,2026.7.4 6:00,view
U0100,I073,2026.7.4 6:00,buy
U0292,I031,2026.7.4 8:00,view
U0064,I002,2026.7.4 10:00,view
U0219,I067,2026.7.4 10:00,like
U0124,I083,2026.7.4 10:00,view
U0261,I004,2026.7.4 11:00,like
U0011,I044,2026.7.4 11:00,like
U0054,I018,2026.7.4 12:00,view
U0011,I064,2026.7.4 14:00,buy
U0295,I057,2026.7.4 16:00,buy
U0137,I027,2026.7.4 17:00,view
U0056,I042,2026.7.4 19:00,buy
U0255,I032,2026.7.4 19:00,view
U0147,I090,2026.7.4 21:00,like
U0288,I055,2026.7.4 21:00,view
U0237,I028,2026.7.4 22:00,view
U0140,I060,2026.7.4 23:00,view
U0249,I085,2026.7.5 0:00,view
U0202,I013,2026.7.5 1:00,buy
U0082,I023,2026.7.5 1:00,view
U0159,I003,2026.7.5 1:00,like
U0191,I068,2026.7.5 1:00,view
U0029,I062,2026.7.5 1:00,view
U0140,I040,2026.7.5 2:00,like
U0071,I047,2026.7.5 2:00,like
U0102,I099,2026.7.5 3:00,like
U0078,I088,2026.7.5 3:00,view
U0191,I064,2026.7.5 4:00,like
U0167,I002,2026.7.5 4:00,view
U0106,I020,2026.7.5 5:00,view
U0272,I078,2026.7.5 6:00,view
U0210,I097,2026.7.5 7:00,view
U0275,I055,2026.7.5 7:00,view
U0003,I079,2026.7.5 7:00,like
U0086,I056,2026.7.5 8:00,view
U0197,I046,2026.7.5 8:00,view
U0176,I070,2026.7.5 8:00,buy
U0109,I011,2026.7.5 9:00,view
U0163,I003,2026.7.5 9:00,view
U0183,I068,2026.7.5 9:00,view
U0109,I038,2026.7.5 10:00,view
U0236,I035,2026.7.5 11:00,view
U0239,I072,2026.7.5 13:00,view
U0159,I054,2026.7.5 13:00,view
U0014,I071,2026.7.5 13:00,view
U0104,I044,2026.7.5 14:00,view
U0124,I068,2026.7.5 14:00,buy
U0235,I050,2026.7.5 14:00,view
U0034,I067,2026.7.5 15:00,like
U0033,I083,2026.7.5 16:00,view
U0210,I093,2026.7.5 16:00,view
U0013,I082,2026.7.5 16:00,view
U0040,I039,2026.7.5 17:00,view
U0257,I005,2026.7.5 17:00,view
U0106,I023,2026.7.5 18:00,like
U0054,I031,2026.7.5 19:00,view
U0288,I082,2026.7.5 19:00,buy
U0119,I047,2026.7.5 20:00,like
U0151,I061,2026.7.5 21:00,view
U0106,I048,2026.7.5 21:00,view
U0019,I026,2026.7.5 22:00,view
U0096,I087,2026.7.5 23:00,view
U0134,I052,2026.7.5 23:00,view
U0128,I059,2026.7.6 2:00,buy
U0210,I071,2026.7.6 3:00,view
U0078,I091,2026.7.6 3:00,view
U0145,I001,2026.7.6 4:00,like
U0172,I012,2026.7.6 5:00,view
U0261,I079,2026.7.6 6:00,view
U0014,I060,2026.7.6 6:00,like
U0187,I083,2026.7.6 7:00,view
U0195,I088,2026.7.6 8:00,like
U0269,I048,2026.7.6 8:00,view
U0222,I059,2026.7.6 10:00,view
U0166,I060,2026.7.6 10:00,view
U0032,I044,2026.7.6 11:00,like
U0208,I037,2026.7.6 11:00,like
U0186,I086,2026.7.6 11:00,view
U0243,I100,2026.7.6 11:00,buy
U0037,I011,2026.7.6 12:00,buy
U0242,I077,2026.7.6 12:00,view
U0080,I066,2026.7.6 14:00,view
U0202,I020,2026.7.6 15:00,buy
U0272,I049,2026.7.6 15:00,view
U0195,I100,2026.7.6 15:00,buy
U0199,I022,2026.7.6 16:00,like
U0101,I016,2026.7.6 16:00,buy
U0186,I074,2026.7.6 17:00,view
U0054,I035,2026.7.6 17:00,view
U0220,I004,2026.7.6 18:00,view
U0073,I066,2026.7.6 20:00,buy
U0073,I030,2026.7.6 22:00,buy
U0288,I019,2026.7.6 23:00,view
U0073,I033,2026.7.7 0:00,view
U0261,I082,2026.7.7 0:00,view
U0075,I095,2026.7.7 1:00,like
U0161,I093,2026.7.7 2:00,view
U0283,I043,2026.7.7 2:00,buy
U0299,I075,2026.7.7 3:00,view
U0078,I079,2026.7.7 3:00,view
U0074,I002,2026.7.7 4:00,view
U0174,I002,2026.7.7 4:00,view
U0050,I032,2026.7.7 5:00,view
U0005,I097,2026.7.7 7:00,view
U0116,I065,2026.7.7 7:00,like
U0037,I068,2026.7.7 8:00,view
U0061,I041,2026.7.7 8:00,view
U0242,I069,2026.7.7 9:00,view
U0122,I039,2026.7.7 9:00,view
U0096,I096,2026.7.7 10:00,view
U0285,I082,2026.7.7 11:00,view
U0052,I013,2026.7.7 13:00,buy
U0189,I039,2026.7.7 14:00,like
U0002,I002,2026.7.7 14:00,buy
U0140,I074,2026.7.7 14:00,like
U0195,I094,2026.7.7 14:00,buy
U0102,I049,2026.7.7 14:00,like
U0257,I060,2026.7.7 15:00,view
U0054,I097,2026.7.7 16:00,view
U0102,I007,2026.7.7 17:00,view
U0061,I048,2026.7.7 17:00,like
U0030,I094,2026.7.7 18:00,view
U0202,I026,2026.7.7 20:00,view
U0060,I097,2026.7.7 21:00,view
U0197,I019,2026.7.7 21:00,like
U0202,I014,2026.7.7 22:00,view
U0070,I024,2026.7.8 0:00,view
U0172,I066,2026.7.8 0:00,view
U0161,I098,2026.7.8 0:00,buy
U0259,I010,2026.7.8 1:00,view
U0189,I081,2026.7.8 3:00,view
U0173,I032,2026.7.8 5:00,buy
U0054,I057,2026.7.8 6:00,view
U0102,I054,2026.7.8 6:00,like
U0217,I025,2026.7.8 6:00,buy
U0122,I067,2026.7.8 8:00,view
U0222,I090,2026.7.8 9:00,buy
U0209,I042,2026.7.8 9:00,like
U0097,I008,2026.7.8 10:00,buy
U0176,I042,2026.7.8 10:00,buy
U0174,I092,2026.7.8 12:00,view
U0112,I056,2026.7.8 12:00,buy
U0053,I034,2026.7.8 14:00,view
U0147,I006,2026.7.8 15:00,like
U0275,I012,2026.7.8 15:00,buy
U0073,I043,2026.7.8 16:00,view
U0257,I024,2026.7.8 18:00,view
U0181,I014,2026.7.8 19:00,view
U0242,I070,2026.7.8 19:00,like
U0175,I001,2026.7.8 20:00,like
U0069,I072,2026.7.8 20:00,buy
U0289,I043,2026.7.8 21:00,view
U0017,I005,2026.7.8 21:00,buy
U0264,I007,2026.7.8 21:00,view
U0087,I099,2026.7.8 21:00,like
U0197,I068,2026.7.8 21:00,view
U0209,I054,2026.7.8 22:00,view
U0260,I089,2026.7.8 22:00,buy
U0064,I090,2026.7.8 23:00,view
U0216,I061,2026.7.8 23:00,view
U0109,I022,2026.7.9 1:00,buy
U0163,I054,2026.7.9 3:00,buy
U0018,I064,2026.7.9 3:00,view
U0087,I037,2026.7.9 3:00,view
U0101,I055,2026.7.9 4:00,view
U0104,I037,2026.7.9 5:00,like
U0146,I054,2026.7.9 5:00,like
U0054,I100,2026.7.9 7:00,buy
U0098,I070,2026.7.9 7:00,view
U0282,I097,2026.7.9 8:00,view
U0261,I083,2026.7.9 8:00,buy
U0052,I003,2026.7.9 8:00,view
U0237,I082,2026.7.9 8:00,view
U0159,I043,2026.7.9 8:00,view
U0107,I077,2026.7.9 9:00,view
U0051,I068,2026.7.9 10:00,view
U0109,I042,2026.7.9 12:00,view
U0076,I005,2026.7.9 13:00,view
U0136,I006,2026.7.9 14:00,like
U0290,I055,2026.7.9 14:00,view
U0266,I012,2026.7.9 14:00,view
U0107,I049,2026.7.9 15:00,view
U0003,I057,2026.7.9 16:00,like
U0159,I047,2026.7.9 18:00,like
U0205,I028,2026.7.9 19:00,like
U0210,I084,2026.7.9 19:00,like
U0250,I006,2026.7.9 19:00,view
U0057,I040,2026.7.9 21:00,like
U0017,I072,2026.7.9 21:00,view
U0173,I097,2026.7.10 0:00,view
U0053,I069,2026.7.10 0:00,buy
U0056,I074,2026.7.10 0:00,view
U0227,I038,2026.7.10 2:00,view
U0027,I093,2026.7.10 2:00,view
U0004,I008,2026.7.10 3:00,view
U0244,I016,2026.7.10 4:00,view
U0064,I061,2026.7.10 4:00,view
U0220,I021,2026.7.10 4:00,view
U0075,I080,2026.7.10 5:00,view
U0032,I066,2026.7.10 6:00,buy
U0059,I009,2026.7.10 6:00,like
U0114,I084,2026.7.10 6:00,view
U0100,I035,2026.7.10 7:00,view
U0115,I026,2026.7.10 8:00,buy
U0148,I006,2026.7.10 9:00,view
U0263,I085,2026.7.10 11:00,view
U0134,I028,2026.7.10 11:00,view
U0028,I015,2026.7.10 11:00,view
U0200,I061,2026.7.10 12:00,like
U0055,I024,2026.7.10 13:00,like
U0053,I048,2026.7.10 13:00,buy
U0068,I008,2026.7.10 14:00,view
U0073,I012,2026.7.10 18:00,view
U0136,I005,2026.7.10 19:00,view
U0264,I042,2026.7.10 20:00,view
U0234,I080,2026.7.10 22:00,like
U0068,I090,2026.7.10 23:00,view
U0202,I007,2026.7.10 23:00,like
U0107,I047,2026.7.11 0:00,view
U0286,I029,2026.7.11 1:00,view
U0086,I070,2026.7.11 1:00,like
U0042,I067,2026.7.11 2:00,view
U0187,I055,2026.7.11 2:00,buy
U0234,I094,2026.7.11 2:00,view
U0128,I045,2026.7.11 2:00,like
U0261,I093,2026.7.11 4:00,view
U0169,I005,2026.7.11 5:00,view
U0007,I004,2026.7.11 6:00,buy
U0156,I041,2026.7.11 6:00,view
U0098,I067,2026.7.11 7:00,like
U0205,I036,2026.7.11 7:00,view
U0010,I022,2026.7.11 7:00,like
U0243,I061,2026.7.11 8:00,like
U0080,I063,2026.7.11 8:00,like
U0236,I059,2026.7.11 10:00,view
U0078,I038,2026.7.11 10:00,like
U0053,I067,2026.7.11 10:00,view
U0250,I071,2026.7.11 11:00,buy
U0229,I037,2026.7.11 11:00,buy
U0217,I011,2026.7.11 12:00,view
U0050,I049,2026.7.11 13:00,like
U0186,I089,2026.7.11 13:00,buy
U0257,I042,2026.7.11 14:00,view
U0244,I021,2026.7.11 14:00,view
U0249,I099,2026.7.11 16:00,buy
U0096,I049,2026.7.11 17:00,buy
U0145,I014,2026.7.11 17:00,like
U0124,I015,2026.7.11 18:00,view
U0059,I061,2026.7.11 18:00,buy
U0167,I003,2026.7.11 18:00,like
U0259,I043,2026.7.11 18:00,view
U0193,I095,2026.7.11 18:00,view
U0053,I019,2026.7.11 20:00,view
U0173,I090,2026.7.11 21:00,buy
U0102,I041,2026.7.11 23:00,buy
U0128,I028,2026.7.12 0:00,view
U0070,I035,2026.7.12 0:00,view
U0050,I033,2026.7.12 1:00,view
U0202,I001,2026.7.12 1:00,view
U0173,I068,2026.7.12 1:00,view
U0222,I019,2026.7.12 2:00,view
U0197,I059,2026.7.12 2:00,buy
U0086,I071,2026.7.12 2:00,like
U0253,I074,2026.7.12 4:00,view
U0149,I040,2026.7.12 5:00,view
U0109,I012,2026.7.12 7:00,like
U0134,I045,2026.7.12 7:00,view
U0242,I059,2026.7.12 8:00,like
U0104,I055,2026.7.12 10:00,view
U0050,I053,2026.7.12 11:00,like
U0159,I090,2026.7.12 12:00,view
U0156,I017,2026.7.12 12:00,buy
U0262,I035,2026.7.12 12:00,view
U0096,I019,2026.7.12 14:00,buy
U0109,I007,2026.7.12 15:00,like
U0116,I074,2026.7.12 15:00,view
U0217,I028,2026.7.12 15:00,like
U0226,I031,2026.7.12 16:00,buy
U0210,I074,2026.7.12 17:00,like
U0179,I050,2026.7.12 17:00,view
U0289,I093,2026.7.12 18:00,view
U0110,I074,2026.7.12 20:00,view
U0231,I096,2026.7.12 20:00,view
U0161,I070,2026.7.12 20:00,view
U0087,I097,2026.7.12 22:00,view
U0140,I078,2026.7.12 23:00,like
U0257,I067,2026.7.12 23:00,view
U0175,I096,2026.7.12 23:00,view
U0233,I068,2026.7.12 23:00,view
U0204,I081,2026.7.13 2:00,buy
U0089,I036,2026.7.13 2:00,view
U0080,I100,2026.7.13 3:00,view
U0040,I085,2026.7.13 5:00,like
U0217,I087,2026.7.13 6:00,buy
U0239,I036,2026.7.13 6:00,view
U0068,I043,2026.7.13 6:00,view
U0205,I074,2026.7.13 8:00,view
U0242,I038,2026.7.13 9:00,buy
U0109,I023,2026.7.13 13:00,view
U0191,I055,2026.7.13 13:00,view
U0299,I046,2026.7.13 14:00,view
U0164,I005,2026.7.13 15:00,buy
U0295,I031,2026.7.13 15:00,view
U0145,I066,2026.7.13 15:00,view
U0232,I047,2026.7.13 17:00,view
U0075,I052,2026.7.13 17:00,like
U0050,I077,2026.7.13 17:00,like
U0183,I098,2026.7.13 18:00,buy
U0194,I050,2026.7.13 18:00,view
U0050,I055,2026.7.13 18:00,buy
U0110,I067,2026.7.13 19:00,view
U0051,I006,2026.7.13 19:00,buy
U0030,I068,2026.7.13 19:00,buy
U0069,I096,2026.7.13 20:00,like
U0106,I015,2026.7.13 22:00,view
U0224,I088,2026.7.13 22:00,buy
U0078,I040,2026.7.13 23:00,view
U0014,I042,2026.7.13 23:00,view
U0061,I037,2026.7.14 0:00,like
U0003,I040,2026.7.14 1:00,like
U0125,I046,2026.7.14 2:00,view
U0273,I054,2026.7.14 3:00,view
U0082,I001,2026.7.14 4:00,like
U0005,I069,2026.7.14 4:00,view
U0110,I054,2026.7.14 6:00,like
U0053,I052,2026.7.14 7:00,like
U0094,I027,2026.7.14 7:00,like
U0225,I098,2026.7.14 7:00,view
U0064,I035,2026.7.14 8:00,view
U0098,I005,2026.7.14 8:00,view
U0086,I042,2026.7.14 11:00,like
U0281,I093,2026.7.14 11:00,like
U0021,I081,2026.7.14 11:00,view
U0235,I048,2026.7.14 11:00,view
U0148,I033,2026.7.14 12:00,view
U0077,I034,2026.7.14 12:00,like
U0072,I040,2026.7.14 13:00,view
U0247,I005,2026.7.14 14:00,view
U0250,I043,2026.7.14 15:00,view
U0148,I027,2026.7.14 15:00,view
U0282,I068,2026.7.14 16:00,view
U0285,I034,2026.7.14 16:00,view
U0272,I093,2026.7.14 16:00,like
U0036,I033,2026.7.14 18:00,buy
U0094,I082,2026.7.14 18:00,view
U0266,I077,2026.7.14 20:00,view
U0143,I072,2026.7.14 21:00,view
U0179,I054,2026.7.14 21:00,view
U0089,I092,2026.7.14 22:00,view
U0076,I046,2026.7.14 22:00,buy
U0243,I065,2026.7.14 23:00,view
U0103,I024,2026.7.15 0:00,view
U0161,I086,2026.7.15 0:00,view
U0049,I092,2026.7.15 0:00,view
U0107,I036,2026.7.15 2:00,buy
U0203,I018,2026.7.15 2:00,view
U0205,I004,2026.7.15 2:00,buy
U0161,I038,2026.7.15 3:00,like
U0145,I026,2026.7.15 3:00,buy
U0145,I002,2026.7.15 3:00,like
U0286,I023,2026.7.15 3:00,like
U0023,I072,2026.7.15 4:00,buy
U0039,I068,2026.7.15 4:00,buy
U0143,I081,2026.7.15 5:00,view
U0214,I022,2026.7.15 6:00,view
U0052,I040,2026.7.15 6:00,like
U0096,I090,2026.7.15 6:00,view
U0059,I073,2026.7.15 8:00,view
U0281,I080,2026.7.15 8:00,like
U0115,I019,2026.7.15 9:00,like
U0221,I078,2026.7.15 11:00,view
U0096,I095,2026.7.15 12:00,like
U0237,I004,2026.7.15 13:00,buy
U0050,I042,2026.7.15 14:00,like
U0096,I088,2026.7.15 14:00,buy
U0029,I067,2026.7.15 14:00,buy
U0252,I090,2026.7.15 14:00,buy
U0136,I042,2026.7.15 15:00,view
U0147,I074,2026.7.15 15:00,view
U0066,I051,2026.7.15 16:00,view
U0109,I013,2026.7.15 19:00,buy
U0097,I040,2026.7.15 20:00,like
U0254,I073,2026.7.15 20:00,like
U0108,I049,2026.7.15 21:00,view
U0230,I060,2026.7.15 21:00,buy
U0056,I049,2026.7.15 21:00,like
U0275,I038,2026.7.15 21:00,view
U0069,I033,2026.7.15 21:00,view
U0049,I001,2026.7.15 21:00,view
U0220,I013,2026.7.15 21:00,buy
U0263,I004,2026.7.15 22:00,buy
U0246,I092,2026.7.16 0:00,view
U0076,I013,2026.7.16 0:00,buy
U0259,I042,2026.7.16 2:00,view
U0289,I045,2026.7.16 2:00,view
U0165,I017,2026.7.16 2:00,view
U0112,I039,2026.7.16 2:00,view
U0021,I093,2026.7.16 3:00,like
U0281,I058,2026.7.16 4:00,like
U0136,I098,2026.7.16 4:00,view
U0108,I093,2026.7.16 4:00,view
U0071,I052,2026.7.16 4:00,buy
U0199,I021,2026.7.16 5:00,view
U0135,I054,2026.7.16 5:00,like
U0203,I069,2026.7.16 5:00,view
U0054,I074,2026.7.16 5:00,view
U0174,I023,2026.7.16 6:00,like
U0123,I021,2026.7.16 6:00,view
U0288,I032,2026.7.16 6:00,view
U0209,I066,2026.7.16 7:00,view
U0023,I046,2026.7.16 7:00,view
U0236,I058,2026.7.16 7:00,view
U0096,I081,2026.7.16 9:00,view
U0054,I073,2026.7.16 10:00,like
U0129,I027,2026.7.16 10:00,view
U0296,I005,2026.7.16 11:00,view
U0080,I094,2026.7.16 11:00,buy
U0210,I035,2026.7.16 12:00,view
U0021,I100,2026.7.16 12:00,view
U0217,I043,2026.7.16 13:00,like
U0227,I070,2026.7.16 14:00,view
U0164,I024,2026.7.16 15:00,view
U0212,I021,2026.7.16 15:00,view
U0032,I081,2026.7.16 15:00,like
U0199,I097,2026.7.16 15:00,buy
U0070,I013,2026.7.16 16:00,view
U0011,I067,2026.7.16 16:00,view
U0228,I082,2026.7.16 16:00,view
U0218,I053,2026.7.16 18:00,view
U0100,I009,2026.7.16 19:00,buy
U0191,I050,2026.7.16 20:00,view
U0250,I015,2026.7.16 20:00,view
U0157,I009,2026.7.16 21:00,view
U0050,I064,2026.7.16 22:00,view
U0284,I097,2026.7.16 22:00,buy
U0205,I027,2026.7.16 22:00,view
U0145,I073,2026.7.16 22:00,view
U0279,I054,2026.7.16 23:00,like
U0174,I060,2026.7.16 23:00,view
U0064,I056,2026.7.17 0:00,view
U0130,I096,2026.7.17 2:00,view
U0186,I088,2026.7.17 2:00,like
U0065,I007,2026.7.17 2:00,view
U0109,I009,2026.7.17 2:00,view
U0092,I100,2026.7.17 4:00,view
U0083,I064,2026.7.17 4:00,like
U0275,I057,2026.7.17 4:00,view
U0122,I040,2026.7.17 5:00,buy
U0097,I017,2026.7.17 6:00,view
U0064,I099,2026.7.17 7:00,buy
U0107,I001,2026.7.17 10:00,like
U0138,I038,2026.7.17 12:00,view
U0077,I067,2026.7.17 13:00,view
U0122,I070,2026.7.17 14:00,view
U0293,I056,2026.7.17 15:00,buy
U0143,I058,2026.7.17 15:00,view
U0184,I018,2026.7.17 16:00,like
U0184,I042,2026.7.17 16:00,view
U0275,I067,2026.7.17 17:00,view
U0007,I011,2026.7.17 18:00,view
U0247,I038,2026.7.17 19:00,view
U0096,I084,2026.7.17 20:00,view
U0258,I096,2026.7.17 20:00,like
U0044,I072,2026.7.17 21:00,buy
U0181,I068,2026.7.17 21:00,like
U0216,I042,2026.7.17 22:00,buy
U0227,I040,2026.7.17 23:00,buy
U0283,I001,2026.7.17 23:00,view
U0066,I019,2026.7.17 23:00,buy
U0205,I007,2026.7.17 23:00,view
U0194,I078,2026.7.17 23:00,buy
U0202,I087,2026.7.18 0:00,view
U0096,I080,2026.7.18 0:00,like
U0214,I063,2026.7.18 1:00,view
U0282,I006,2026.7.18 1:00,buy
U0032,I042,2026.7.18 1:00,like
U0022,I053,2026.7.18 2:00,view
U0108,I007,2026.7.18 3:00,buy
U0120,I070,2026.7.18 4:00,view
U0039,I099,2026.7.18 4:00,like
U0008,I072,2026.7.18 5:00,view
U0109,I008,2026.7.18 5:00,view
U0134,I057,2026.7.18 5:00,view
U0107,I023,2026.7.18 5:00,view
U0283,I002,2026.7.18 6:00,buy
U0080,I089,2026.7.18 6:00,view
U0260,I026,2026.7.18 6:00,like
U0039,I076,2026.7.18 6:00,like
U0265,I014,2026.7.18 7:00,view
U0220,I031,2026.7.18 7:00,buy
U0084,I070,2026.7.18 8:00,view
U0258,I042,2026.7.18 9:00,view
U0180,I082,2026.7.18 9:00,view
U0176,I004,2026.7.18 9:00,view
U0130,I001,2026.7.18 10:00,view
U0110,I072,2026.7.18 10:00,like
U0196,I093,2026.7.18 11:00,buy
U0227,I050,2026.7.18 12:00,buy
U0096,I082,2026.7.18 14:00,view
U0264,I075,2026.7.18 15:00,like
U0068,I058,2026.7.18 17:00,view
U0102,I037,2026.7.18 19:00,buy
U0112,I031,2026.7.18 20:00,buy
U0122,I072,2026.7.18 21:00,view
U0209,I024,2026.7.18 22:00,buy
U0159,I080,2026.7.18 22:00,buy
U0011,I074,2026.7.18 23:00,view
U0250,I021,2026.7.19 1:00,view
U0150,I037,2026.7.19 2:00,view
U0036,I039,2026.7.19 4:00,buy
U0090,I006,2026.7.19 4:00,like
U0299,I065,2026.7.19 6:00,view
U0183,I043,2026.7.19 6:00,buy
U0159,I012,2026.7.19 7:00,like
U0046,I079,2026.7.19 7:00,view
U0237,I081,2026.7.19 7:00,like
U0218,I064,2026.7.19 8:00,view
U0019,I008,2026.7.19 9:00,like
U0115,I074,2026.7.19 10:00,buy
U0031,I037,2026.7.19 11:00,view
U0169,I065,2026.7.19 11:00,like
U0173,I072,2026.7.19 12:00,view
U0010,I069,2026.7.19 13:00,like
U0205,I039,2026.7.19 13:00,like
U0157,I033,2026.7.19 13:00,buy
U0039,I092,2026.7.19 13:00,view
U0257,I006,2026.7.19 14:00,view
U0078,I048,2026.7.19 14:00,view
U0217,I015,2026.7.19 14:00,view
U0050,I045,2026.7.19 15:00,buy
U0129,I025,2026.7.19 15:00,buy
U0136,I087,2026.7.19 16:00,view
U0064,I097,2026.7.19 18:00,view
U0086,I041,2026.7.19 18:00,view
U0073,I041,2026.7.19 18:00,view
U0124,I055,2026.7.19 18:00,like
U0199,I017,2026.7.19 19:00,like
U0253,I099,2026.7.19 23:00,view
U0177,I069,2026.7.19 23:00,view
U0292,I003,2026.7.20 0:00,view
U0005,I062,2026.7.20 1:00,view
U0261,I068,2026.7.20 2:00,buy
U0086,I039,2026.7.20 3:00,like
U0064,I042,2026.7.20 4:00,like
U0027,I099,2026.7.20 4:00,view
U0069,I061,2026.7.20 5:00,view
U0057,I038,2026.7.20 7:00,like
U0069,I055,2026.7.20 8:00,buy
U0136,I004,2026.7.20 9:00,view
U0027,I088,2026.7.20 10:00,view
U0145,I043,2026.7.20 10:00,view
U0148,I099,2026.7.20 11:00,view
U0123,I053,2026.7.20 11:00,like
U0190,I013,2026.7.20 12:00,like
U0236,I021,2026.7.20 12:00,buy
U0191,I024,2026.7.20 13:00,buy
U0181,I010,2026.7.20 13:00,view
U0141,I035,2026.7.20 13:00,view
U0185,I035,2026.7.20 13:00,like
U0061,I038,2026.7.20 14:00,view
U0067,I082,2026.7.20 15:00,like
U0141,I012,2026.7.20 16:00,view
U0272,I097,2026.7.20 17:00,like
U0202,I039,2026.7.20 18:00,buy
U0059,I035,2026.7.20 18:00,view
U0121,I094,2026.7.20 19:00,view
U0064,I017,2026.7.20 19:00,view
U0106,I061,2026.7.20 20:00,like
U0269,I054,2026.7.20 21:00,view
U0195,I077,2026.7.20 22:00,view
U0198,I003,2026.7.20 23:00,view
U0116,I039,2026.7.20 23:00,buy
U0145,I011,2026.7.21 0:00,buy
U0127,I029,2026.7.21 0:00,buy
U0017,I056,2026.7.21 0:00,view
U0259,I033,2026.7.21 1:00,like
U0007,I084,2026.7.21 2:00,view
U0253,I035,2026.7.21 2:00,view
U0209,I050,2026.7.21 3:00,view
U0273,I075,2026.7.21 3:00,like
U0020,I029,2026.7.21 4:00,view
U0064,I004,2026.7.21 5:00,buy
U0140,I047,2026.7.21 5:00,view
U0294,I028,2026.7.21 6:00,buy
U0289,I001,2026.7.21 6:00,view
U0296,I020,2026.7.21 7:00,view
U0297,I041,2026.7.21 7:00,view
U0127,I006,2026.7.21 7:00,like
U0224,I028,2026.7.21 8:00,view
U0176,I038,2026.7.21 8:00,like
U0269,I070,2026.7.21 9:00,view
U0010,I003,2026.7.21 10:00,buy
U0038,I043,2026.7.21 10:00,view
U0244,I061,2026.7.21 10:00,like
U0050,I006,2026.7.21 10:00,like
U0195,I019,2026.7.21 13:00,view
U0213,I091,2026.7.21 15:00,view
U0294,I081,2026.7.21 15:00,view
U0145,I030,2026.7.21 15:00,like
U0070,I029,2026.7.21 16:00,view
U0129,I082,2026.7.21 18:00,buy
U0078,I054,2026.7.21 18:00,view
U0219,I010,2026.7.21 18:00,view
U0295,I027,2026.7.21 19:00,view
U0078,I053,2026.7.21 19:00,buy
U0291,I004,2026.7.21 19:00,view
U0017,I049,2026.7.21 20:00,view
U0184,I005,2026.7.21 20:00,view
U0066,I041,2026.7.21 20:00,like
U0198,I040,2026.7.21 20:00,view
U0300,I060,2026.7.21 20:00,like
U0020,I061,2026.7.21 22:00,view
U0179,I007,2026.7.21 22:00,view
U0220,I014,2026.7.21 22:00,view
U0231,I084,2026.7.21 22:00,view
U0231,I038,2026.7.22 0:00,like
U0162,I057,2026.7.22 0:00,view
U0173,I074,2026.7.22 1:00,like
U0250,I056,2026.7.22 3:00,view
U0234,I025,2026.7.22 4:00,view
U0084,I033,2026.7.22 4:00,view
U0275,I050,2026.7.22 5:00,like
U0268,I015,2026.7.22 6:00,buy
U0259,I006,2026.7.22 7:00,buy
U0191,I062,2026.7.22 8:00,buy
U0296,I062,2026.7.22 9:00,like
U0284,I089,2026.7.22 9:00,like
U0078,I086,2026.7.22 9:00,view
U0240,I033,2026.7.22 10:00,view
U0101,I021,2026.7.22 12:00,buy
U0169,I096,2026.7.22 12:00,view
U0171,I056,2026.7.22 12:00,view
U0176,I008,2026.7.22 13:00,buy
U0083,I086,2026.7.22 14:00,like
U0044,I080,2026.7.22 14:00,view
U0061,I035,2026.7.22 15:00,buy
U0257,I059,2026.7.22 16:00,like
U0094,I053,2026.7.22 16:00,buy
U0248,I057,2026.7.22 16:00,buy
U0288,I078,2026.7.22 16:00,like
U0096,I094,2026.7.22 17:00,like
U0053,I042,2026.7.22 18:00,view
U0104,I049,2026.7.22 18:00,view
U0069,I041,2026.7.22 19:00,like
U0039,I080,2026.7.22 19:00,view
U0058,I093,2026.7.22 19:00,like
U0030,I024,2026.7.22 19:00,view
U0016,I037,2026.7.22 20:00,like
U0095,I031,2026.7.22 20:00,view
U0178,I043,2026.7.22 21:00,buy
U0173,I033,2026.7.22 23:00,like
U0156,I069,2026.7.23 0:00,view
U0266,I070,2026.7.23 0:00,view
U0130,I003,2026.7.23 1:00,view
U0010,I038,2026.7.23 2:00,like
U0144,I081,2026.7.23 3:00,view
U0266,I036,2026.7.23 3:00,view
U0116,I043,2026.7.23 7:00,view
U0151,I034,2026.7.23 8:00,view
U0269,I080,2026.7.23 9:00,like
U0185,I094,2026.7.23 9:00,view
U0184,I004,2026.7.23 12:00,like
U0055,I071,2026.7.23 13:00,view
U0025,I001,2026.7.23 14:00,buy
U0284,I018,2026.7.23 14:00,like
U0125,I009,2026.7.23 14:00,view
U0281,I053,2026.7.23 14:00,like
U0284,I003,2026.7.23 17:00,view
U0050,I039,2026.7.23 17:00,view
U0217,I006,2026.7.23 18:00,view
U0236,I012,2026.7.23 19:00,view
U0028,I078,2026.7.23 19:00,view
U0117,I090,2026.7.23 19:00,view
U0237,I031,2026.7.23 20:00,buy
U0108,I012,2026.7.23 20:00,view
U0066,I063,2026.7.23 21:00,view
U0108,I067,2026.7.23 21:00,view
U0022,I013,2026.7.23 23:00,buy
U0137,I042,2026.7.24 0:00,view
U0003,I083,2026.7.24 1:00,view
U0242,I066,2026.7.24 1:00,buy
U0289,I057,2026.7.24 1:00,buy
U0202,I075,2026.7.24 2:00,like
U0170,I071,2026.7.24 3:00,view
U0093,I086,2026.7.24 3:00,view
U0070,I067,2026.7.24 4:00,like
U0253,I068,2026.7.24 5:00,buy
U0064,I010,2026.7.24 5:00,view
U0075,I041,2026.7.24 6:00,buy
U0202,I010,2026.7.24 6:00,like
U0262,I030,2026.7.24 6:00,like
U0086,I077,2026.7.24 9:00,buy
U0101,I052,2026.7.24 9:00,view
U0244,I043,2026.7.24 10:00,view
U0112,I036,2026.7.24 11:00,view
U0115,I015,2026.7.24 11:00,like
U0134,I020,2026.7.24 11:00,like
U0183,I088,2026.7.24 11:00,view
U0243,I074,2026.7.24 12:00,view
U0108,I072,2026.7.24 15:00,like
U0232,I043,2026.7.24 16:00,buy
U0126,I040,2026.7.24 17:00,like
U0278,I075,2026.7.24 18:00,like
U0051,I033,2026.7.24 18:00,like
U0294,I016,2026.7.24 18:00,like
U0272,I073,2026.7.24 19:00,view
U0064,I070,2026.7.24 19:00,like
U0098,I065,2026.7.24 20:00,like
U0190,I041,2026.7.24 20:00,view
U0133,I010,2026.7.24 22:00,buy
U0190,I023,2026.7.24 23:00,view
U0269,I067,2026.7.24 23:00,view
U0239,I022,2026.7.25 0:00,like
U0232,I014,2026.7.25 0:00,view
U0084,I006,2026.7.25 0:00,buy
U0176,I065,2026.7.25 3:00,like
U0144,I012,2026.7.25 3:00,buy
U0258,I061,2026.7.25 5:00,view
U0178,I036,2026.7.25 5:00,view
U0118,I035,2026.7.25 6:00,like
U0241,I035,2026.7.25 6:00,buy
U0228,I068,2026.7.25 8:00,buy
U0172,I035,2026.7.25 8:00,buy
U0224,I047,2026.7.25 10:00,view
U0190,I031,2026.7.25 11:00,buy
U0259,I036,2026.7.25 11:00,view
U0084,I062,2026.7.25 11:00,view
U0188,I086,2026.7.25 11:00,like
U0189,I021,2026.7.25 12:00,view
U0036,I035,2026.7.25 14:00,view
U0021,I010,2026.7.25 14:00,buy
U0100,I002,2026.7.25 17:00,view
U0167,I100,2026.7.25 17:00,view
U0229,I012,2026.7.25 17:00,like
U0133,I013,2026.7.25 17:00,like
U0051,I040,2026.7.25 18:00,buy
U0100,I060,2026.7.25 18:00,buy
U0116,I049,2026.7.25 18:00,like
U0205,I015,2026.7.25 19:00,view
U0185,I059,2026.7.25 20:00,view
U0151,I012,2026.7.25 20:00,buy
U0080,I074,2026.7.25 21:00,view
U0126,I095,2026.7.25 21:00,like
U0065,I052,2026.7.25 22:00,view
U0203,I038,2026.7.25 23:00,buy
U0290,I035,2026.7.26 0:00,buy
U0285,I088,2026.7.26 0:00,buy
U0007,I054,2026.7.26 0:00,like
U0172,I036,2026.7.26 1:00,view
U0019,I007,2026.7.26 1:00,view
U0049,I078,2026.7.26 1:00,view
U0221,I054,2026.7.26 3:00,buy
U0139,I093,2026.7.26 4:00,view
U0287,I060,2026.7.26 4:00,like
U0228,I041,2026.7.26 5:00,view
U0220,I029,2026.7.26 5:00,buy
U0010,I066,2026.7.26 6:00,view
U0249,I059,2026.7.26 6:00,view
U0058,I084,2026.7.26 7:00,view
U0154,I041,2026.7.26 7:00,like
U0253,I021,2026.7.26 8:00,view
U0208,I015,2026.7.26 8:00,view
U0222,I092,2026.7.26 9:00,buy
U0228,I059,2026.7.26 10:00,like
U0145,I033,2026.7.26 10:00,buy
U0021,I038,2026.7.26 11:00,like
U0243,I008,2026.7.26 11:00,like
U0051,I097,2026.7.26 11:00,view
U0112,I072,2026.7.26 12:00,buy
U0056,I073,2026.7.26 13:00,view
U0148,I043,2026.7.26 14:00,like
U0184,I006,2026.7.26 15:00,view
U0262,I021,2026.7.26 16:00,view
U0244,I049,2026.7.26 17:00,view
U0195,I087,2026.7.26 18:00,buy
U0045,I056,2026.7.26 18:00,like
U0291,I092,2026.7.26 20:00,like
U0284,I071,2026.7.26 20:00,view
U0296,I057,2026.7.26 20:00,buy
U0105,I097,2026.7.26 20:00,view
U0197,I042,2026.7.26 22:00,like
U0279,I091,2026.7.26 22:00,view
U0039,I012,2026.7.26 22:00,like
U0194,I069,2026.7.26 23:00,view
U0060,I093,2026.7.27 0:00,like
U0016,I015,2026.7.27 2:00,view
U0008,I067,2026.7.27 2:00,view
U0173,I077,2026.7.27 3:00,buy
U0148,I080,2026.7.27 3:00,view
U0270,I100,2026.7.27 4:00,view
U0003,I096,2026.7.27 6:00,like
U0060,I080,2026.7.27 8:00,view
U0130,I030,2026.7.27 9:00,buy
U0110,I035,2026.7.27 9:00,like
U0184,I007,2026.7.27 10:00,view
U0225,I011,2026.7.27 11:00,buy
U0147,I084,2026.7.27 12:00,like
U0208,I031,2026.7.27 12:00,buy
U0032,I059,2026.7.27 12:00,view
U0107,I048,2026.7.27 13:00,view
U0124,I076,2026.7.27 14:00,view
U0086,I097,2026.7.27 15:00,view
U0294,I004,2026.7.27 15:00,like
U0113,I041,2026.7.27 15:00,view
U0068,I010,2026.7.27 15:00,like
U0053,I078,2026.7.27 15:00,like
U0124,I018,2026.7.27 16:00,view
U0138,I074,2026.7.27 18:00,view
U0227,I073,2026.7.27 19:00,view
U0293,I043,2026.7.27 19:00,view
U0053,I057,2026.7.27 19:00,like
U0279,I090,2026.7.27 19:00,view
U0036,I019,2026.7.27 23:00,buy
U0078,I082,2026.7.27 23:00,view
U0285,I042,2026.7.28 0:00,view
U0272,I058,2026.7.28 0:00,like
U0068,I096,2026.7.28 0:00,view
U0193,I026,2026.7.28 2:00,like
U0025,I099,2026.7.28 3:00,view
U0114,I028,2026.7.28 3:00,view
U0133,I068,2026.7.28 4:00,buy
U0154,I030,2026.7.28 5:00,like
U0104,I040,2026.7.28 6:00,view
U0122,I028,2026.7.28 7:00,view
U0052,I021,2026.7.28 7:00,like
U0170,I080,2026.7.28 8:00,buy
U0036,I099,2026.7.28 8:00,view
U0041,I050,2026.7.28 8:00,view
U0178,I001,2026.7.28 8:00,view
U0137,I081,2026.7.28 9:00,buy
U0083,I038,2026.7.28 9:00,buy
U0032,I050,2026.7.28 10:00,buy
U0137,I068,2026.7.28 10:00,view
U0062,I055,2026.7.28 11:00,view
U0233,I084,2026.7.28 12:00,buy
U0050,I071,2026.7.28 12:00,like
U0142,I035,2026.7.28 12:00,view
U0063,I073,2026.7.28 12:00,view
U0106,I002,2026.7.28 12:00,like
U0281,I061,2026.7.28 13:00,view
U0091,I068,2026.7.28 15:00,buy
U0248,I047,2026.7.28 16:00,like
U0113,I019,2026.7.28 18:00,like
U0034,I006,2026.7.28 21:00,like
U0143,I073,2026.7.28 21:00,like
U0167,I062,2026.7.28 22:00,buy
U0243,I047,2026.7.28 22:00,view
U0198,I074,2026.7.28 23:00,buy
U0224,I053,2026.7.28 23:00,like
U0237,I068,2026.7.29 0:00,view
U0191,I049,2026.7.29 0:00,buy
U0164,I041,2026.7.29 0:00,buy
U0139,I026,2026.7.29 1:00,like
U0139,I079,2026.7.29 1:00,view
U0288,I038,2026.7.29 1:00,view
U0010,I013,2026.7.29 1:00,view
U0140,I011,2026.7.29 2:00,buy
U0073,I008,2026.7.29 2:00,buy
U0078,I004,2026.7.29 3:00,view
U0066,I090,2026.7.29 4:00,view
U0243,I086,2026.7.29 4:00,buy
U0078,I072,2026.7.29 4:00,view
U0053,I049,2026.7.29 4:00,like
U0202,I067,2026.7.29 5:00,like
U0030,I052,2026.7.29 7:00,like
U0132,I057,2026.7.29 8:00,view
U0222,I010,2026.7.29 8:00,buy
U0104,I088,2026.7.29 8:00,like
U0236,I078,2026.7.29 9:00,view
U0042,I071,2026.7.29 9:00,buy
U0281,I040,2026.7.29 9:00,view
U0011,I019,2026.7.29 12:00,view
U0050,I044,2026.7.29 12:00,view
U0194,I037,2026.7.29 15:00,view
U0177,I011,2026.7.29 16:00,view
U0190,I039,2026.7.29 16:00,view
U0107,I035,2026.7.29 17:00,view
U0142,I033,2026.7.29 17:00,buy
U0107,I069,2026.7.29 17:00,view
U0078,I084,2026.7.29 18:00,view
U0279,I073,2026.7.29 19:00,view
U0243,I092,2026.7.29 19:00,view
U0087,I041,2026.7.29 19:00,view
U0116,I073,2026.7.29 20:00,view
U0289,I007,2026.7.29 20:00,buy
U0036,I091,2026.7.29 20:00,buy
U0116,I007,2026.7.29 20:00,like
U0294,I083,2026.7.29 21:00,like
U0139,I055,2026.7.29 22:00,view
U0269,I063,2026.7.29 22:00,like
U0043,I065,2026.7.29 23:00,view
U0227,I032,2026.7.30 0:00,buy
U0208,I039,2026.7.30 2:00,buy
U0147,I096,2026.7.30 3:00,like
U0032,I067,2026.7.30 3:00,buy
U0112,I042,2026.7.30 4:00,view
U0109,I010,2026.7.30 5:00,view
U0287,I098,2026.7.30 6:00,view
U0088,I002,2026.7.30 8:00,buy
U0213,I038,2026.7.30 10:00,view
U0217,I042,2026.7.30 11:00,view
U0068,I026,2026.7.30 12:00,view
U0276,I006,2026.7.30 14:00,like
U0265,I043,2026.7.30 14:00,buy
U0218,I095,2026.7.30 16:00,view
U0145,I082,2026.7.30 16:00,like
U0008,I049,2026.7.30 18:00,like
U0291,I079,2026.7.30 19:00,buy
U0297,I069,2026.7.30 21:00,view
U0237,I095,2026.7.30 23:00,view
U0243,I035,2026.7.31 0:00,view
U0263,I059,2026.7.31 0:00,view
U0185,I010,2026.7.31 0:00,view
U0264,I083,2026.7.31 0:00,like
U0202,I012,2026.7.31 3:00,view
U0279,I035,2026.7.31 4:00,view
U0288,I090,2026.7.31 5:00,view
U0019,I048,2026.7.31 5:00,view
U0209,I057,2026.7.31 6:00,view
U0121,I092,2026.7.31 6:00,view
U0071,I005,2026.7.31 7:00,buy
U0133,I061,2026.7.31 8:00,view
U0083,I050,2026.7.31 8:00,view
U0031,I009,2026.7.31 9:00,view
U0269,I018,2026.7.31 11:00,view
U0072,I038,2026.7.31 12:00,view
U0037,I016,2026.7.31 12:00,view
U0206,I027,2026.7.31 13:00,like
U0186,I081,2026.7.31 14:00,buy
U0143,I053,2026.7.31 16:00,view
U0261,I060,2026.7.31 16:00,view
U0221,I035,2026.7.31 17:00,view
U0244,I076,2026.7.31 18:00,view
U0151,I063,2026.7.31 19:00,like
U0112,I005,2026.7.31 19:00,view
U0227,I035,2026.7.31 21:00,view
U0227,I077,2026.7.31 21:00,buy
U0265,I045,2026.7.31 21:00,buy
U0211,I043,2026.7.31 21:00,view
U0107,I068,2026.7.31 22:00,buy
U0149,I030,2026.7.31 22:00,like
U0011,I079,2026.7.31 22:00,view
U0291,I031,2026.7.31 22:00,buy
U0298,I050,2026.8.1 0:00,view
U0253,I002,2026.8.1 0:00,like
U0217,I026,2026.8.1 1:00,view
U0237,I058,2026.8.1 3:00,view
U0140,I035,2026.8.1 4:00,view
U0282,I032,2026.8.1 4:00,like
U0265,I086,2026.8.1 4:00,view
U0202,I037,2026.8.1 5:00,like
U0130,I017,2026.8.1 5:00,view
U0138,I023,2026.8.1 5:00,view
U0147,I073,2026.8.1 5:00,view
U0287,I038,2026.8.1 6:00,like
U0040,I088,2026.8.1 7:00,view
U0073,I009,2026.8.1 7:00,buy
U0237,I043,2026.8.1 7:00,buy
U0249,I086,2026.8.1 8:00,buy
U0261,I053,2026.8.1 9:00,buy
U0047,I047,2026.8.1 9:00,view
U0075,I057,2026.8.1 17:00,buy
U0029,I056,2026.8.1 19:00,like
U0254,I098,2026.8.1 19:00,view
U0008,I050,2026.8.1 19:00,buy
U0173,I065,2026.8.1 19:00,like
U0032,I048,2026.8.1 20:00,like
U0183,I079,2026.8.1 20:00,like
U0141,I086,2026.8.1 20:00,like
U0265,I012,2026.8.1 21:00,view
U0257,I055,2026.8.1 21:00,view
U0069,I043,2026.8.1 22:00,like
U0061,I019,2026.8.1 22:00,view
U0191,I002,2026.8.1 23:00,view
U0148,I056,2026.8.2 0:00,view
U0194,I060,2026.8.2 1:00,like
U0071,I046,2026.8.2 1:00,buy
U0085,I083,2026.8.2 2:00,view
U0005,I049,2026.8.2 2:00,view
U0102,I016,2026.8.2 3:00,view
U0159,I020,2026.8.2 4:00,view
U0106,I009,2026.8.2 4:00,like
U0096,I057,2026.8.2 5:00,view
U0209,I062,2026.8.2 6:00,buy
U0186,I090,2026.8.2 8:00,like
U0096,I083,2026.8.2 10:00,view
U0102,I092,2026.8.2 12:00,like
U0054,I079,2026.8.2 12:00,view
U0100,I031,2026.8.2 13:00,like
U0205,I010,2026.8.2 13:00,like
U0195,I095,2026.8.2 14:00,view
U0170,I036,2026.8.2 14:00,view
U0070,I003,2026.8.2 17:00,like
U0109,I099,2026.8.2 18:00,buy
U0156,I075,2026.8.2 18:00,view
U0217,I018,2026.8.2 18:00,like
U0057,I081,2026.8.2 18:00,view
U0205,I047,2026.8.2 19:00,buy
U0155,I050,2026.8.2 21:00,like
U0148,I035,2026.8.2 21:00,view
U0205,I043,2026.8.2 21:00,like
U0070,I069,2026.8.2 22:00,view
U0243,I025,2026.8.2 23:00,view
U0083,I015,2026.8.3 1:00,view
U0082,I005,2026.8.3 3:00,buy
U0190,I071,2026.8.3 3:00,view
U0096,I042,2026.8.3 4:00,view
U0288,I086,2026.8.3 4:00,view
U0221,I061,2026.8.3 7:00,view
U0220,I039,2026.8.3 7:00,like
U0260,I046,2026.8.3 10:00,buy
U0197,I055,2026.8.3 10:00,view
U0227,I041,2026.8.3 11:00,like
U0137,I041,2026.8.3 12:00,buy
U0125,I053,2026.8.3 13:00,buy
U0119,I072,2026.8.3 13:00,view
U0020,I060,2026.8.3 13:00,like
U0030,I090,2026.8.3 14:00,view
U0296,I047,2026.8.3 14:00,view
U0053,I081,2026.8.3 16:00,view
U0155,I039,2026.8.3 16:00,view
U0021,I080,2026.8.3 17:00,like
U0068,I059,2026.8.3 19:00,like
U0121,I049,2026.8.3 19:00,buy
U0030,I055,2026.8.3 20:00,view
U0193,I055,2026.8.3 20:00,view
U0190,I015,2026.8.3 20:00,like
U0291,I064,2026.8.3 23:00,view
U0031,I006,2026.8.4 0:00,buy
U0155,I047,2026.8.4 2:00,view
U0135,I097,2026.8.4 2:00,buy
U0250,I094,2026.8.4 5:00,like
U0011,I048,2026.8.4 6:00,like
U0213,I063,2026.8.4 9:00,view
U0202,I028,2026.8.4 10:00,view
U0110,I050,2026.8.4 11:00,like
U0190,I019,2026.8.4 12:00,view
U0073,I022,2026.8.4 13:00,view
U0164,I035,2026.8.4 13:00,like
U0195,I075,2026.8.4 13:00,like
U0193,I042,2026.8.4 14:00,view
U0205,I055,2026.8.4 17:00,buy
U0086,I049,2026.8.4 17:00,view
U0252,I086,2026.8.4 17:00,like
U0068,I057,2026.8.4 17:00,buy
U0146,I032,2026.8.4 18:00,view
U0236,I051,2026.8.4 20:00,view
U0143,I046,2026.8.4 21:00,buy
U0097,I047,2026.8.4 22:00,like
U0044,I093,2026.8.4 23:00,buy
U0300,I090,2026.8.4 23:00,view
U0140,I061,2026.8.5 2:00,view
U0148,I010,2026.8.5 2:00,like
U0237,I034,2026.8.5 3:00,like
U0049,I015,2026.8.5 4:00,view
U0203,I073,2026.8.5 5:00,like
U0052,I053,2026.8.5 5:00,view
U0220,I040,2026.8.5 5:00,like
U0222,I072,2026.8.5 6:00,view
U0057,I087,2026.8.5 8:00,view
U0114,I097,2026.8.5 9:00,buy
U0045,I061,2026.8.5 10:00,like
U0205,I038,2026.8.5 10:00,like
U0183,I030,2026.8.5 11:00,view
U0176,I073,2026.8.5 11:00,view
U0054,I070,2026.8.5 12:00,view
U0222,I046,2026.8.5 12:00,like
U0064,I039,2026.8.5 13:00,like
U0021,I043,2026.8.5 14:00,buy
U0136,I018,2026.8.5 14:00,view
U0069,I088,2026.8.5 15:00,buy
U0104,I025,2026.8.5 16:00,view
U0068,I063,2026.8.5 16:00,view
U0203,I037,2026.8.5 16:00,like
U0224,I037,2026.8.5 17:00,like
U0276,I090,2026.8.5 20:00,view
U0128,I063,2026.8.5 22:00,view
U0056,I093,2026.8.5 22:00,like
U0062,I067,2026.8.5 22:00,view
U0185,I042,2026.8.5 23:00,view
U0193,I021,2026.8.6 0:00,like
U0110,I070,2026.8.6 1:00,like
U0250,I004,2026.8.6 1:00,buy
U0210,I004,2026.8.6 2:00,like
U0159,I038,2026.8.6 3:00,view
U0174,I091,2026.8.6 6:00,view
U0235,I025,2026.8.6 6:00,view
U0275,I040,2026.8.6 6:00,buy
U0234,I099,2026.8.6 7:00,view
U0244,I015,2026.8.6 8:00,view
U0216,I080,2026.8.6 11:00,buy
U0070,I019,2026.8.6 12:00,view
U0230,I087,2026.8.6 13:00,view
U0264,I038,2026.8.6 14:00,view
U0289,I020,2026.8.6 14:00,view
U0105,I041,2026.8.6 14:00,view
U0160,I006,2026.8.6 14:00,view
U0288,I020,2026.8.6 16:00,view
U0078,I097,2026.8.6 16:00,like
U0130,I023,2026.8.6 17:00,view
U0145,I053,2026.8.6 17:00,like
U0189,I019,2026.8.6 20:00,view
U0011,I016,2026.8.6 23:00,view
U0242,I065,2026.8.7 0:00,like
U0210,I096,2026.8.7 1:00,view
U0181,I064,2026.8.7 1:00,view
U0050,I043,2026.8.7 2:00,like
U0142,I047,2026.8.7 2:00,view
U0050,I031,2026.8.7 2:00,view
U0045,I075,2026.8.7 2:00,buy
U0140,I038,2026.8.7 3:00,view
U0162,I100,2026.8.7 3:00,like
U0089,I068,2026.8.7 4:00,like
U0090,I093,2026.8.7 4:00,buy
U0056,I081,2026.8.7 4:00,like
U0055,I003,2026.8.7 5:00,view
U0280,I021,2026.8.7 5:00,buy
U0299,I015,2026.8.7 5:00,view
U0202,I099,2026.8.7 6:00,view
U0008,I069,2026.8.7 6:00,view
U0244,I033,2026.8.7 6:00,buy
U0078,I042,2026.8.7 6:00,buy
U0022,I010,2026.8.7 7:00,like
U0139,I038,2026.8.7 9:00,view
U0195,I043,2026.8.7 10:00,view
U0225,I080,2026.8.7 10:00,view
U0237,I083,2026.8.7 10:00,like
U0228,I033,2026.8.7 11:00,buy
U0273,I035,2026.8.7 12:00,view
U0258,I079,2026.8.7 13:00,view
U0243,I044,2026.8.7 13:00,view
U0229,I035,2026.8.7 14:00,view
U0068,I045,2026.8.7 16:00,buy
U0105,I079,2026.8.7 17:00,like
U0085,I010,2026.8.7 19:00,view
U0106,I014,2026.8.7 20:00,view
U0144,I068,2026.8.7 21:00,like
U0190,I074,2026.8.7 21:00,view
U0286,I042,2026.8.7 22:00,buy
U0244,I030,2026.8.7 22:00,view
U0206,I050,2026.8.8 0:00,like
U0192,I100,2026.8.8 1:00,buy
U0050,I025,2026.8.8 2:00,view
U0096,I047,2026.8.8 3:00,buy
U0266,I022,2026.8.8 3:00,buy
U0272,I019,2026.8.8 3:00,buy
U0102,I060,2026.8.8 3:00,buy
U0194,I052,2026.8.8 4:00,buy
U0186,I007,2026.8.8 4:00,view
U0140,I033,2026.8.8 4:00,view
U0199,I043,2026.8.8 5:00,like
U0096,I070,2026.8.8 5:00,buy
U0006,I083,2026.8.8 6:00,like
U0080,I064,2026.8.8 6:00,view
U0251,I020,2026.8.8 6:00,view
U0028,I068,2026.8.8 7:00,view
U0013,I005,2026.8.8 7:00,buy
U0199,I037,2026.8.8 8:00,buy
U0011,I058,2026.8.8 9:00,view
U0216,I067,2026.8.8 10:00,view
U0217,I005,2026.8.8 10:00,view
U0183,I097,2026.8.8 11:00,buy
U0170,I054,2026.8.8 11:00,like
U0145,I069,2026.8.8 11:00,view
U0003,I095,2026.8.8 12:00,buy
U0109,I005,2026.8.8 13:00,view
U0092,I044,2026.8.8 13:00,like
U0298,I042,2026.8.8 14:00,like
U0024,I080,2026.8.8 17:00,buy
U0161,I036,2026.8.8 18:00,buy
U0027,I043,2026.8.8 20:00,view
U0107,I062,2026.8.8 20:00,view
U0205,I008,2026.8.8 22:00,buy
U0086,I058,2026.8.8 22:00,buy
U0234,I009,2026.8.8 23:00,view
U0217,I001,2026.8.9 0:00,view
U0173,I034,2026.8.9 1:00,view
U0185,I067,2026.8.9 2:00,view
U0189,I077,2026.8.9 4:00,like
U0002,I051,2026.8.9 4:00,like
U0161,I077,2026.8.9 4:00,like
U0257,I029,2026.8.9 5:00,like
U0052,I069,2026.8.9 7:00,buy
U0274,I006,2026.8.9 8:00,view
U0251,I025,2026.8.9 10:00,view
U0112,I097,2026.8.9 10:00,view
U0105,I034,2026.8.9 11:00,view
U0058,I030,2026.8.9 12:00,like
U0011,I033,2026.8.9 14:00,like
U0017,I034,2026.8.9 15:00,like
U0159,I031,2026.8.9 15:00,view
U0191,I065,2026.8.9 16:00,view
U0080,I034,2026.8.9 18:00,buy
U0273,I039,2026.8.9 20:00,view
U0299,I026,2026.8.9 20:00,view
U0234,I095,2026.8.9 20:00,buy
U0107,I051,2026.8.9 21:00,view
U0264,I063,2026.8.9 21:00,like
U0238,I056,2026.8.9 22:00,like
U0054,I064,2026.8.9 23:00,like
U0152,I040,2026.8.10 1:00,like
U0199,I016,2026.8.10 1:00,view
U0146,I013,2026.8.10 1:00,view
U0259,I072,2026.8.10 2:00,view
U0007,I087,2026.8.10 3:00,view
U0140,I066,2026.8.10 4:00,view
U0068,I048,2026.8.10 4:00,like
U0201,I089,2026.8.10 5:00,view
U0124,I093,2026.8.10 6:00,view
U0277,I052,2026.8.10 8:00,view
U0050,I040,2026.8.10 9:00,view
U0194,I093,2026.8.10 9:00,like
U0250,I019,2026.8.10 10:00,buy
U0017,I092,2026.8.10 10:00,view
U0192,I036,2026.8.10 11:00,view
U0109,I048,2026.8.10 11:00,buy
U0050,I004,2026.8.10 11:00,view
U0258,I099,2026.8.10 13:00,view
U0244,I011,2026.8.10 13:00,view
U0050,I058,2026.8.10 15:00,view
U0061,I022,2026.8.10 18:00,view
U0293,I062,2026.8.10 19:00,buy
U0149,I076,2026.8.10 19:00,like
U0234,I035,2026.8.10 20:00,view
U0012,I056,2026.8.10 20:00,buy
U0078,I096,2026.8.10 20:00,view
U0160,I019,2026.8.10 21:00,buy
U0199,I039,2026.8.10 21:00,like
U0145,I039,2026.8.10 21:00,view
U0084,I043,2026.8.10 23:00,view
U0289,I014,2026.8.11 1:00,view
U0280,I044,2026.8.11 2:00,view
U0248,I052,2026.8.11 2:00,buy
U0210,I057,2026.8.11 3:00,like
U0274,I022,2026.8.11 3:00,view
U0130,I038,2026.8.11 5:00,like
U0082,I013,2026.8.11 6:00,like
U0274,I029,2026.8.11 6:00,view
U0048,I088,2026.8.11 6:00,view
U0222,I066,2026.8.11 8:00,view
U0151,I008,2026.8.11 9:00,view
U0061,I064,2026.8.11 10:00,like
U0001,I012,2026.8.11 11:00,view
U0293,I019,2026.8.11 11:00,view
U0289,I022,2026.8.11 14:00,like
U0194,I059,2026.8.11 14:00,view
U0264,I097,2026.8.11 15:00,view
U0050,I067,2026.8.11 15:00,buy
U0250,I074,2026.8.11 18:00,like
U0096,I006,2026.8.11 18:00,view
U0244,I090,2026.8.11 22:00,view
U0067,I084,2026.8.11 23:00,like
U0172,I058,2026.8.12 0:00,like
U0174,I093,2026.8.12 1:00,view
U0143,I054,2026.8.12 3:00,view
U0106,I059,2026.8.12 3:00,like
U0281,I038,2026.8.12 4:00,like
U0293,I051,2026.8.12 4:00,view
U0277,I087,2026.8.12 5:00,view
U0089,I012,2026.8.12 5:00,like
U0225,I012,2026.8.12 5:00,like
U0113,I074,2026.8.12 5:00,view
U0269,I044,2026.8.12 7:00,buy
U0140,I043,2026.8.12 7:00,view
U0009,I087,2026.8.12 8:00,view
U0214,I089,2026.8.12 11:00,view
U0270,I044,2026.8.12 11:00,like
U0091,I084,2026.8.12 11:00,view
U0159,I094,2026.8.12 13:00,view
U0289,I069,2026.8.12 13:00,buy
U0192,I073,2026.8.12 13:00,view
U0028,I012,2026.8.12 14:00,view
U0014,I044,2026.8.12 14:00,view
U0017,I062,2026.8.12 14:00,view
U0233,I044,2026.8.12 18:00,buy
U0222,I032,2026.8.12 20:00,view
U0056,I069,2026.8.12 20:00,view
U0043,I035,2026.8.12 20:00,like
U0053,I040,2026.8.12 21:00,view
U0059,I041,2026.8.12 21:00,like
U0172,I038,2026.8.12 22:00,view
U0185,I075,2026.8.13 0:00,view
U0299,I062,2026.8.13 2:00,buy
U0248,I034,2026.8.13 3:00,view
U0192,I080,2026.8.13 3:00,buy
U0217,I017,2026.8.13 3:00,like
U0190,I067,2026.8.13 3:00,like
U0059,I027,2026.8.13 5:00,like
U0002,I007,2026.8.13 5:00,buy
U0112,I049,2026.8.13 6:00,view
U0073,I040,2026.8.13 7:00,buy
U0011,I092,2026.8.13 8:00,view
U0079,I038,2026.8.13 8:00,buy
U0097,I097,2026.8.13 8:00,view
U0142,I068,2026.8.13 10:00,view
U0165,I087,2026.8.13 10:00,view
U0096,I038,2026.8.13 11:00,view
U0083,I034,2026.8.13 12:00,view
U0217,I052,2026.8.13 14:00,view
U0120,I029,2026.8.13 16:00,buy
U0174,I079,2026.8.13 16:00,buy
U0208,I009,2026.8.13 17:00,view
U0102,I040,2026.8.13 17:00,view
U0234,I063,2026.8.13 18:00,like
U0269,I043,2026.8.13 18:00,view
U0285,I095,2026.8.13 19:00,view
U0205,I087,2026.8.13 19:00,view
U0144,I073,2026.8.13 19:00,view
U0169,I002,2026.8.13 19:00,view
U0051,I066,2026.8.13 20:00,view
U0027,I039,2026.8.13 21:00,buy
U0236,I094,2026.8.13 22:00,view
U0284,I052,2026.8.13 22:00,view
U0247,I033,2026.8.13 23:00,like
U0110,I021,2026.8.14 1:00,like
U0080,I082,2026.8.14 1:00,buy
U0054,I039,2026.8.14 2:00,like
U0106,I040,2026.8.14 3:00,buy
U0154,I014,2026.8.14 4:00,view
U0269,I071,2026.8.14 4:00,like
U0225,I073,2026.8.14 4:00,view
U0169,I043,2026.8.14 4:00,view
U0274,I041,2026.8.14 5:00,view
U0275,I016,2026.8.14 5:00,view
U0194,I077,2026.8.14 7:00,buy
U0112,I065,2026.8.14 7:00,view
U0109,I072,2026.8.14 7:00,like
U0050,I035,2026.8.14 8:00,view
U0013,I042,2026.8.14 8:00,view
U0007,I062,2026.8.14 8:00,view
U0058,I005,2026.8.14 9:00,like
U0090,I062,2026.8.14 9:00,view
U0164,I049,2026.8.14 10:00,view
U0136,I041,2026.8.14 11:00,like
U0021,I035,2026.8.14 13:00,view
U0136,I013,2026.8.14 13:00,buy
U0224,I050,2026.8.14 14:00,view
U0065,I050,2026.8.14 15:00,like
U0159,I079,2026.8.14 16:00,view
U0205,I065,2026.8.14 16:00,view
U0116,I042,2026.8.14 17:00,view
U0041,I041,2026.8.14 17:00,view
U0050,I014,2026.8.14 18:00,buy
U0189,I001,2026.8.14 18:00,view
U0067,I074,2026.8.14 18:00,view
U0152,I068,2026.8.14 19:00,like
U0274,I048,2026.8.14 19:00,like
U0112,I003,2026.8.14 19:00,view
U0127,I043,2026.8.14 21:00,view
U0095,I065,2026.8.14 22:00,buy
U0213,I019,2026.8.14 22:00,buy
U0047,I052,2026.8.14 22:00,buy
U0114,I006,2026.8.15 0:00,buy
U0161,I003,2026.8.15 2:00,like
U0092,I046,2026.8.15 6:00,view
U0237,I002,2026.8.15 8:00,view
U0214,I003,2026.8.15 9:00,view
U0009,I088,2026.8.15 10:00,like
U0159,I010,2026.8.15 11:00,view
U0300,I075,2026.8.15 13:00,like
U0010,I092,2026.8.15 13:00,view
U0017,I045,2026.8.15 13:00,view
U0291,I014,2026.8.15 15:00,like
U0061,I007,2026.8.15 17:00,buy
U0205,I030,2026.8.15 18:00,buy
U0149,I066,2026.8.15 19:00,view
U0208,I019,2026.8.15 19:00,view
U0281,I069,2026.8.15 19:00,view
U0160,I099,2026.8.15 21:00,like
U0080,I071,2026.8.15 22:00,view
U0134,I041,2026.8.15 22:00,view
U0136,I043,2026.8.15 22:00,buy
U0290,I070,2026.8.15 22:00,view
U0053,I028,2026.8.15 23:00,buy
U0039,I084,2026.8.15 23:00,like
U0130,I074,2026.8.15 23:00,view
U0152,I076,2026.8.16 0:00,view
U0233,I061,2026.8.16 0:00,view
U0084,I061,2026.8.16 3:00,buy
U0275,I008,2026.8.16 3:00,buy
U0145,I013,2026.8.16 4:00,like
U0160,I004,2026.8.16 8:00,view
U0247,I043,2026.8.16 9:00,view
U0279,I084,2026.8.16 10:00,view
U0202,I041,2026.8.16 11:00,view
U0184,I029,2026.8.16 12:00,like
U0172,I043,2026.8.16 12:00,like
U0187,I013,2026.8.16 12:00,view
U0021,I095,2026.8.16 13:00,like
U0026,I059,2026.8.16 13:00,view
U0102,I019,2026.8.16 13:00,like
U0132,I094,2026.8.16 13:00,like
U0138,I072,2026.8.16 13:00,view
U0007,I021,2026.8.16 14:00,buy
U0222,I081,2026.8.16 15:00,like
U0238,I009,2026.8.16 17:00,like
U0146,I064,2026.8.16 17:00,view
U0139,I006,2026.8.16 18:00,buy
U0234,I016,2026.8.16 18:00,view
U0027,I090,2026.8.16 18:00,view
U0174,I041,2026.8.16 18:00,view
U0102,I046,2026.8.16 20:00,buy
U0170,I007,2026.8.16 23:00,like
U0298,I083,2026.8.16 23:00,buy
U0216,I087,2026.8.17 2:00,view
U0215,I061,2026.8.17 2:00,view
U0183,I071,2026.8.17 3:00,view
U0112,I027,2026.8.17 3:00,view
U0122,I008,2026.8.17 4:00,view
U0019,I001,2026.8.17 5:00,view
U0282,I007,2026.8.17 5:00,view
U0299,I070,2026.8.17 6:00,view
U0192,I067,2026.8.17 7:00,buy
U0153,I031,2026.8.17 8:00,like
U0215,I056,2026.8.17 8:00,view
U0096,I067,2026.8.17 10:00,buy
U0237,I079,2026.8.17 12:00,buy
U0223,I020,2026.8.17 15:00,like
U0075,I066,2026.8.17 15:00,like
U0115,I093,2026.8.17 15:00,view
U0191,I006,2026.8.17 16:00,view
U0158,I056,2026.8.17 16:00,buy
U0107,I017,2026.8.17 17:00,buy
U0071,I051,2026.8.17 17:00,view
U0199,I035,2026.8.17 19:00,view
U0206,I052,2026.8.17 19:00,view
U0230,I018,2026.8.17 20:00,view
U0270,I005,2026.8.17 20:00,like
U0051,I053,2026.8.17 22:00,view
U0064,I015,2026.8.17 22:00,view
U0007,I022,2026.8.17 23:00,view
U0118,I013,2026.8.17 23:00,like
U0183,I028,2026.8.18 0:00,like
U0192,I061,2026.8.18 0:00,like
U0210,I021,2026.8.18 1:00,view
U0089,I043,2026.8.18 1:00,view
U0215,I065,2026.8.18 1:00,like
U0137,I078,2026.8.18 1:00,view
U0038,I006,2026.8.18 1:00,buy
U0221,I058,2026.8.18 2:00,like
U0275,I004,2026.8.18 2:00,view
U0029,I051,2026.8.18 4:00,buy
U0142,I029,2026.8.18 5:00,like
U0168,I006,2026.8.18 5:00,buy
U0115,I091,2026.8.18 6:00,like
U0002,I052,2026.8.18 6:00,buy
U0050,I038,2026.8.18 7:00,buy
U0215,I032,2026.8.18 7:00,buy
U0238,I068,2026.8.18 8:00,buy
U0169,I049,2026.8.18 9:00,buy
U0141,I065,2026.8.18 10:00,view
U0083,I056,2026.8.18 11:00,like
U0140,I048,2026.8.18 12:00,buy
U0156,I098,2026.8.18 12:00,like
U0040,I021,2026.8.18 13:00,buy
U0081,I093,2026.8.18 14:00,view
U0098,I025,2026.8.18 15:00,view
U0063,I089,2026.8.18 16:00,view
U0059,I081,2026.8.18 16:00,buy
U0078,I075,2026.8.18 17:00,view
U0070,I004,2026.8.18 19:00,view
U0161,I078,2026.8.18 19:00,buy
U0095,I002,2026.8.18 20:00,like
U0011,I077,2026.8.18 21:00,like
U0152,I019,2026.8.18 23:00,view
U0067,I002,2026.8.18 23:00,view
U0187,I022,2026.8.19 0:00,view
U0026,I078,2026.8.19 0:00,view
U0085,I036,2026.8.19 3:00,like
U0088,I099,2026.8.19 4:00,like
U0058,I076,2026.8.19 6:00,like
U0215,I080,2026.8.19 6:00,like
U0202,I005,2026.8.19 8:00,like
U0187,I007,2026.8.19 9:00,buy
U0218,I057,2026.8.19 9:00,like
U0026,I039,2026.8.19 12:00,view
U0148,I023,2026.8.19 12:00,like
U0242,I067,2026.8.19 13:00,view
U0027,I027,2026.8.19 14:00,buy
U0257,I028,2026.8.19 15:00,view
U0168,I096,2026.8.19 18:00,view
U0247,I049,2026.8.19 19:00,buy
U0230,I082,2026.8.19 20:00,like
U0074,I083,2026.8.19 21:00,view
U0078,I089,2026.8.19 21:00,like
U0037,I004,2026.8.19 22:00,like
U0134,I048,2026.8.19 23:00,view
U0269,I072,2026.8.20 0:00,like
U0158,I065,2026.8.20 2:00,view
U0021,I074,2026.8.20 3:00,buy
U0264,I077,2026.8.20 4:00,view
U0004,I038,2026.8.20 5:00,view
U0039,I003,2026.8.20 6:00,like
U0289,I058,2026.8.20 6:00,like
U0026,I026,2026.8.20 7:00,buy
U0253,I097,2026.8.20 7:00,buy
U0248,I077,2026.8.20 8:00,view
U0269,I042,2026.8.20 8:00,like
U0205,I069,2026.8.20 8:00,buy
U0064,I005,2026.8.20 9:00,view
U0206,I077,2026.8.20 9:00,buy
U0214,I008,2026.8.20 10:00,buy
U0260,I028,2026.8.20 10:00,buy
U0007,I099,2026.8.20 10:00,like
U0082,I060,2026.8.20 11:00,buy
U0115,I022,2026.8.20 11:00,buy
U0026,I035,2026.8.20 11:00,buy
U0289,I002,2026.8.20 14:00,view
U0154,I042,2026.8.20 14:00,view
U0014,I053,2026.8.20 15:00,view
U0026,I042,2026.8.20 15:00,view
U0021,I056,2026.8.20 15:00,buy
U0215,I034,2026.8.20 16:00,buy
U0111,I080,2026.8.20 17:00,buy
U0111,I092,2026.8.20 17:00,like
U0053,I070,2026.8.20 18:00,buy
U0099,I095,2026.8.20 18:00,view
U0260,I007,2026.8.20 18:00,view
U0274,I040,2026.8.20 20:00,like
U0114,I088,2026.8.20 20:00,view
U0117,I018,2026.8.20 22:00,buy
U0048,I008,2026.8.20 23:00,buy
U0109,I021,2026.8.21 0:00,view
U0168,I042,2026.8.21 0:00,buy
U0034,I005,2026.8.21 1:00,like
U0106,I053,2026.8.21 2:00,view
U0225,I008,2026.8.21 2:00,view
U0160,I073,2026.8.21 3:00,buy
U0168,I079,2026.8.21 4:00,view
U0291,I041,2026.8.21 7:00,view
U0191,I045,2026.8.21 8:00,view
U0297,I006,2026.8.21 9:00,buy
U0152,I048,2026.8.21 10:00,buy
U0282,I092,2026.8.21 10:00,view
U0158,I024,2026.8.21 11:00,view
U0039,I059,2026.8.21 11:00,view
U0248,I014,2026.8.21 11:00,like
U0002,I017,2026.8.21 13:00,buy
U0062,I029,2026.8.21 13:00,view
U0152,I037,2026.8.21 14:00,view
U0215,I049,2026.8.21 15:00,view
U0282,I003,2026.8.21 16:00,buy
U0011,I085,2026.8.21 17:00,buy
U0178,I078,2026.8.21 18:00,like
U0044,I059,2026.8.21 18:00,view
U0108,I082,2026.8.21 19:00,buy
U0021,I041,2026.8.21 20:00,view
U0178,I012,2026.8.21 21:00,like
U0244,I005,2026.8.21 21:00,buy
U0048,I056,2026.8.21 21:00,view
U0168,I013,2026.8.21 22:00,buy
U0050,I090,2026.8.21 23:00,view
U0282,I100,2026.8.21 23:00,view
U0158,I008,2026.8.22 0:00,view
U0077,I073,2026.8.22 0:00,view
U0090,I071,2026.8.22 1:00,view
U0259,I004,2026.8.22 2:00,like
U0099,I066,2026.8.22 2:00,buy
U0207,I012,2026.8.22 2:00,buy
U0148,I003,2026.8.22 3:00,view
U0270,I094,2026.8.22 3:00,like
U0032,I072,2026.8.22 4:00,view
U0271,I013,2026.8.22 4:00,view
U0168,I099,2026.8.22 5:00,like
U0111,I085,2026.8.22 5:00,view
U0277,I033,2026.8.22 7:00,like
U0003,I064,2026.8.22 8:00,view
U0054,I061,2026.8.22 8:00,view
U0215,I084,2026.8.22 8:00,like
U0145,I009,2026.8.22 8:00,view
U0097,I027,2026.8.22 9:00,like
U0124,I059,2026.8.22 9:00,buy
U0286,I021,2026.8.22 9:00,view
U0272,I001,2026.8.22 9:00,view
U0266,I064,2026.8.22 10:00,like
U0128,I038,2026.8.22 10:00,view
U0093,I068,2026.8.22 11:00,view
U0017,I081,2026.8.22 12:00,like
U0218,I042,2026.8.22 14:00,like
U0015,I082,2026.8.22 14:00,like
U0210,I098,2026.8.22 15:00,like
U0274,I003,2026.8.22 16:00,buy
U0296,I048,2026.8.22 16:00,view
U0271,I097,2026.8.22 16:00,buy
U0111,I097,2026.8.22 17:00,view
U0298,I061,2026.8.22 17:00,view
U0033,I090,2026.8.22 17:00,view
U0248,I027,2026.8.22 17:00,buy
U0081,I094,2026.8.22 18:00,buy
U0219,I036,2026.8.22 18:00,view
U0298,I005,2026.8.22 19:00,view
U0062,I054,2026.8.22 19:00,like
U0104,I069,2026.8.22 19:00,view
U0139,I020,2026.8.22 20:00,like
U0169,I017,2026.8.22 21:00,view
U0285,I087,2026.8.22 21:00,like
U0251,I092,2026.8.22 22:00,view
U0274,I099,2026.8.22 22:00,buy
U0293,I021,2026.8.23 1:00,like
U0173,I058,2026.8.23 1:00,like
U0215,I047,2026.8.23 2:00,view
U0102,I097,2026.8.23 2:00,buy
U0099,I091,2026.8.23 3:00,like
U0111,I042,2026.8.23 3:00,like
U0152,I059,2026.8.23 5:00,like
U0080,I067,2026.8.23 6:00,buy
U0183,I057,2026.8.23 6:00,view
U0261,I036,2026.8.23 7:00,view
U0194,I017,2026.8.23 7:00,like
U0178,I070,2026.8.23 8:00,view
U0063,I044,2026.8.23 9:00,like
U0017,I046,2026.8.23 9:00,buy
U0050,I066,2026.8.23 9:00,like
U0168,I007,2026.8.23 9:00,like
U0057,I029,2026.8.23 9:00,view
U0257,I022,2026.8.23 9:00,like
U0081,I083,2026.8.23 9:00,view
U0009,I059,2026.8.23 11:00,view
U0158,I051,2026.8.23 13:00,buy
U0156,I047,2026.8.23 14:00,view
U0134,I097,2026.8.23 15:00,view
U0049,I013,2026.8.23 15:00,like
U0210,I007,2026.8.23 16:00,view
U0010,I073,2026.8.23 16:00,view
U0099,I081,2026.8.23 18:00,view
U0152,I070,2026.8.23 18:00,view
U0064,I034,2026.8.23 19:00,view
U0089,I066,2026.8.23 19:00,view
U0172,I002,2026.8.23 19:00,buy
U0042,I084,2026.8.23 19:00,view
U0046,I042,2026.8.23 19:00,buy
U0057,I079,2026.8.23 19:00,view
U0158,I039,2026.8.23 20:00,like
U0176,I084,2026.8.23 22:00,view
U0013,I041,2026.8.23 22:00,buy
U0026,I076,2026.8.23 23:00,view
U0087,I083,2026.8.23 23:00,view
U0069,I038,2026.8.23 23:00,buy
U0077,I041,2026.8.23 23:00,like
U0099,I054,2026.8.24 1:00,view
U0111,I076,2026.8.24 1:00,view
U0007,I030,2026.8.24 1:00,view
U0061,I001,2026.8.24 2:00,view
U0225,I075,2026.8.24 3:00,view
U0117,I068,2026.8.24 3:00,like
U0253,I033,2026.8.24 3:00,view
U0063,I069,2026.8.24 4:00,view
U0038,I040,2026.8.24 7:00,like
U0168,I063,2026.8.24 7:00,buy
U0284,I087,2026.8.24 7:00,like
U0022,I001,2026.8.24 7:00,buy
U0195,I021,2026.8.24 8:00,view
U0119,I056,2026.8.24 8:00,view
U0177,I090,2026.8.24 9:00,view
U0278,I059,2026.8.24 10:00,buy
U0080,I060,2026.8.24 11:00,buy
U0026,I098,2026.8.24 11:00,view
U0035,I005,2026.8.24 13:00,like
U0101,I093,2026.8.24 13:00,like
U0028,I026,2026.8.24 14:00,view
U0048,I001,2026.8.24 14:00,buy
U0128,I049,2026.8.24 15:00,view
U0156,I035,2026.8.24 16:00,view
U0170,I051,2026.8.24 16:00,view
U0131,I072,2026.8.24 16:00,view
U0275,I083,2026.8.24 16:00,view
U0015,I054,2026.8.24 16:00,like
U0039,I073,2026.8.24 16:00,view
U0289,I013,2026.8.24 17:00,view
U0011,I017,2026.8.24 18:00,view
U0050,I060,2026.8.24 18:00,view
U0054,I069,2026.8.24 19:00,view
U0063,I083,2026.8.24 19:00,buy
U0081,I015,2026.8.24 19:00,view
U0195,I080,2026.8.24 20:00,view
U0298,I011,2026.8.24 20:00,view
U0045,I038,2026.8.24 21:00,like
U0108,I031,2026.8.24 21:00,view
U0264,I098,2026.8.24 21:00,view
U0274,I068,2026.8.24 22:00,like
U0186,I061,2026.8.24 22:00,like
U0206,I069,2026.8.24 23:00,view
U0275,I042,2026.8.24 23:00,view
U0217,I084,2026.8.25 0:00,buy
U0041,I043,2026.8.25 1:00,like
U0275,I078,2026.8.25 2:00,view
U0107,I073,2026.8.25 2:00,buy
U0111,I059,2026.8.25 2:00,view
U0215,I036,2026.8.25 2:00,view
U0158,I040,2026.8.25 4:00,view
U0010,I057,2026.8.25 4:00,like
U0141,I042,2026.8.25 4:00,view
U0118,I031,2026.8.25 5:00,view
U0011,I039,2026.8.25 8:00,view
U0181,I009,2026.8.25 8:00,buy
U0099,I042,2026.8.25 9:00,like
U0023,I033,2026.8.25 10:00,view
U0082,I072,2026.8.25 11:00,view
U0291,I040,2026.8.25 12:00,like
U0106,I071,2026.8.25 12:00,view
U0106,I013,2026.8.25 12:00,like
U0271,I064,2026.8.25 13:00,view
U0078,I055,2026.8.25 15:00,buy
U0011,I049,2026.8.25 16:00,view
U0030,I018,2026.8.25 16:00,like
U0108,I070,2026.8.25 16:00,buy
U0009,I076,2026.8.25 17:00,view
U0111,I088,2026.8.25 18:00,buy
U0107,I090,2026.8.25 18:00,like
U0289,I071,2026.8.25 19:00,view
U0092,I051,2026.8.25 20:00,view
U0293,I045,2026.8.25 21:00,view
U0136,I010,2026.8.25 21:00,view
U0015,I095,2026.8.25 21:00,view
U0068,I078,2026.8.25 22:00,buy
U0244,I038,2026.8.25 22:00,view
U0102,I043,2026.8.25 23:00,view
U0014,I087,2026.8.25 23:00,like
U0009,I096,2026.8.26 0:00,view
U0015,I071,2026.8.26 0:00,view
U0239,I056,2026.8.26 1:00,view
U0202,I015,2026.8.26 2:00,like
U0074,I039,2026.8.26 2:00,like
U0160,I024,2026.8.26 2:00,like
U0022,I096,2026.8.26 2:00,view
U0210,I080,2026.8.26 2:00,like
U0274,I024,2026.8.26 3:00,buy
U0246,I035,2026.8.26 5:00,view
U0264,I082,2026.8.26 5:00,like
U0152,I049,2026.8.26 6:00,view
U0139,I013,2026.8.26 6:00,like
U0138,I096,2026.8.26 7:00,view
U0194,I064,2026.8.26 7:00,view
U0112,I043,2026.8.26 8:00,view
U0025,I020,2026.8.26 9:00,buy
U0081,I037,2026.8.26 9:00,view
U0287,I051,2026.8.26 10:00,view
U0081,I019,2026.8.26 12:00,view
U0080,I040,2026.8.26 12:00,buy
U0266,I056,2026.8.26 13:00,like
U0152,I057,2026.8.26 13:00,view
U0068,I071,2026.8.26 14:00,view
U0192,I071,2026.8.26 17:00,like
U0241,I097,2026.8.26 19:00,like
U0288,I005,2026.8.26 19:00,view
U0248,I065,2026.8.26 19:00,view
U0145,I096,2026.8.26 20:00,like
U0139,I009,2026.8.26 21:00,buy
U0096,I052,2026.8.26 21:00,buy
U0266,I063,2026.8.26 21:00,like
U0111,I002,2026.8.26 22:00,view
U0234,I040,2026.8.26 22:00,like
U0116,I096,2026.8.26 23:00,view
U0254,I049,2026.8.27 0:00,view
U0168,I045,2026.8.27 0:00,view
U0043,I046,2026.8.27 0:00,like
U0171,I037,2026.8.27 1:00,view
U0271,I001,2026.8.27 2:00,like
U0099,I009,2026.8.27 2:00,view
U0271,I033,2026.8.27 2:00,view
U0277,I012,2026.8.27 3:00,like
U0253,I007,2026.8.27 3:00,view
U0164,I018,2026.8.27 4:00,like
U0193,I070,2026.8.27 5:00,view
U0019,I042,2026.8.27 5:00,buy
U0102,I059,2026.8.27 5:00,like
U0011,I072,2026.8.27 6:00,buy
U0081,I096,2026.8.27 7:00,view
U0237,I060,2026.8.27 7:00,view
U0004,I062,2026.8.27 8:00,view
U0023,I065,2026.8.27 8:00,like
U0266,I066,2026.8.27 8:00,view
U0018,I086,2026.8.27 10:00,view
U0207,I085,2026.8.27 12:00,buy
U0156,I059,2026.8.27 12:00,buy
U0072,I052,2026.8.27 12:00,buy
U0158,I045,2026.8.27 13:00,like
U0030,I069,2026.8.27 13:00,view
U0158,I067,2026.8.27 14:00,like
U0116,I097,2026.8.27 14:00,view
U0096,I091,2026.8.27 15:00,like
U0099,I090,2026.8.27 15:00,like
U0053,I029,2026.8.27 15:00,buy
U0072,I068,2026.8.27 16:00,view
U0021,I002,2026.8.27 17:00,view
U0158,I032,2026.8.27 17:00,like
U0106,I007,2026.8.27 19:00,view
U0099,I096,2026.8.27 20:00,like
U0292,I020,2026.8.27 20:00,view
U0095,I044,2026.8.27 20:00,view
U0015,I066,2026.8.27 21:00,view
U0250,I003,2026.8.27 21:00,view
U0003,I070,2026.8.27 21:00,view
U0026,I060,2026.8.27 21:00,like
U0239,I024,2026.8.27 22:00,like
U0012,I046,2026.8.27 22:00,like
U0272,I082,2026.8.27 22:00,buy
U0168,I062,2026.8.27 23:00,like
U0102,I010,2026.8.27 23:00,like
U0104,I080,2026.8.28 0:00,like
U0046,I097,2026.8.28 0:00,view
U0131,I079,2026.8.28 1:00,view
U0017,I018,2026.8.28 2:00,view
U0189,I020,2026.8.28 2:00,buy
U0061,I025,2026.8.28 2:00,view
U0181,I056,2026.8.28 2:00,view
U0218,I023,2026.8.28 3:00,view
U0250,I090,2026.8.28 3:00,like
U0069,I059,2026.8.28 3:00,view
U0244,I085,2026.8.28 4:00,view
U0152,I036,2026.8.28 5:00,view
U0209,I092,2026.8.28 5:00,view
U0078,I080,2026.8.28 10:00,view
U0015,I038,2026.8.28 10:00,view
U0238,I013,2026.8.28 11:00,view
U0225,I086,2026.8.28 11:00,view
U0059,I044,2026.8.28 11:00,view
U0298,I015,2026.8.28 11:00,like
U0192,I056,2026.8.28 12:00,buy
U0014,I068,2026.8.28 13:00,view
U0266,I041,2026.8.28 13:00,like
U0271,I004,2026.8.28 14:00,view
U0239,I059,2026.8.28 15:00,like
U0116,I032,2026.8.28 16:00,buy
U0192,I068,2026.8.28 16:00,view
U0086,I055,2026.8.28 17:00,buy
U0104,I054,2026.8.28 17:00,like
U0026,I043,2026.8.28 18:00,like
U0240,I095,2026.8.28 18:00,buy
U0275,I062,2026.8.28 19:00,buy
U0009,I015,2026.8.28 19:00,view
U0117,I092,2026.8.28 20:00,like
U0193,I002,2026.8.28 21:00,like
U0015,I087,2026.8.28 21:00,like
U0033,I006,2026.8.28 21:00,view
U0274,I043,2026.8.29 0:00,view
U0250,I013,2026.8.29 0:00,view
U0007,I010,2026.8.29 1:00,buy
U0271,I010,2026.8.29 1:00,like
U0131,I042,2026.8.29 2:00,like
U0205,I035,2026.8.29 3:00,view
U0125,I008,2026.8.29 3:00,view
U0131,I045,2026.8.29 4:00,view
U0175,I061,2026.8.29 4:00,view
U0015,I094,2026.8.29 5:00,buy
U0237,I035,2026.8.29 5:00,like
U0168,I086,2026.8.29 5:00,buy
U0270,I066,2026.8.29 5:00,view
U0199,I026,2026.8.29 7:00,buy
U0192,I035,2026.8.29 8:00,like
U0102,I025,2026.8.29 8:00,view
U0077,I051,2026.8.29 9:00,view
U0233,I017,2026.8.29 9:00,view
U0062,I053,2026.8.29 10:00,view
U0186,I024,2026.8.29 11:00,buy
U0210,I094,2026.8.29 11:00,buy
U0081,I082,2026.8.29 11:00,buy
U0177,I086,2026.8.29 11:00,like
U0158,I048,2026.8.29 11:00,like
U0244,I041,2026.8.29 12:00,like
U0263,I064,2026.8.29 12:00,buy
U0188,I050,2026.8.29 13:00,view
U0144,I089,2026.8.29 13:00,like
U0271,I014,2026.8.29 13:00,view
U0199,I036,2026.8.29 17:00,view
U0099,I082,2026.8.29 17:00,like
U0131,I049,2026.8.29 18:00,view
U0004,I042,2026.8.29 19:00,view
U0174,I089,2026.8.29 20:00,view
U0065,I083,2026.8.29 20:00,view
U0215,I054,2026.8.29 21:00,buy
U0131,I061,2026.8.29 21:00,buy
U0139,I069,2026.8.29 23:00,view
U0005,I003,2026.8.30 0:00,view
U0080,I011,2026.8.30 2:00,like
U0235,I019,2026.8.30 3:00,view
U0266,I046,2026.8.30 3:00,like
U0060,I084,2026.8.30 4:00,like
U0060,I077,2026.8.30 5:00,buy
U0222,I027,2026.8.30 6:00,like
U0026,I065,2026.8.30 7:00,view
U0097,I038,2026.8.30 7:00,view
U0184,I043,2026.8.30 7:00,view
U0271,I011,2026.8.30 8:00,view
U0005,I041,2026.8.30 9:00,buy
U0220,I078,2026.8.30 11:00,view
U0109,I033,2026.8.30 14:00,buy
U0152,I035,2026.8.30 15:00,like
U0173,I075,2026.8.30 15:00,like
U0056,I037,2026.8.30 16:00,buy
U0058,I006,2026.8.30 17:00,view
U0125,I026,2026.8.30 17:00,buy
U0158,I047,2026.8.30 18:00,like
U0246,I005,2026.8.30 18:00,view
U0194,I079,2026.8.30 18:00,view
U0083,I074,2026.8.30 19:00,view
U0130,I002,2026.8.30 19:00,view
U0244,I047,2026.8.30 20:00,like
U0238,I094,2026.8.30 20:00,view
U0265,I038,2026.8.30 23:00,view